gene set,es,nes,pval,sidak,fdr,geneset_size,leading_edge
Cytokine-cytokine receptor interaction,-0.6574120512851267,-5.207349479086475,1.9155711104198648e-07,6.0530220859192796e-05,3.080399145350578e-05,127,"['TNF,CTF1,CXCL8,CLCF1,TNFRSF6B,IL1RN,TNFRSF14,CSF2,TNFRSF12A,TNFSF9,TNFRSF21,NGFR,IL17RE,IL20RB,IL22RA1,CCL20,IL18R1,IL36G,IL1B,IL31RA,CD40,IL33,CX3CL1,INHBA,CXCL11,IFNLR1,IL1RL1,IL1A,IL13RA2,IL7R,IL32,CSF1,BMP4,TGFBR2,CXCL6,FAS,CXCL3,TGFB2,LIF,IL1RL2,OSMR,IL4R,CCL28,BMP2,TNFRSF25,IL6,TGFB3,IL1RAP,CXCL2,CXCR5,IFNE,TGFB1,IL27RA,LEPR,CXCL1,IL18,TNFSF12,CXCL5,IFNGR2']"
TNF signaling pathway,-0.6918565110650793,-5.204078134294088,1.9496197122472011e-07,6.160609117944234e-05,3.080399145350578e-05,100,"['TNF,EDN1,JUNB,ATF6B,MAPK11,MAPK13,ITCH,VEGFC,MAP3K7,CSF2,TRAF1,CCL20,IL18R1,IL1B,TNFAIP3,MMP14,TRADD,CX3CL1,MAPK10,JAG1,MMP9,TNFRSF1A,CSF1,ICAM1,CXCL6,FAS,IRF1,CXCL3,MLKL,CASP10,LIF,CREB3L1,SOCS3,RIPK3,AKT3,IL6,CXCL2,CREB5,RPS6KA4,CEBPB,CXCL1,FOS,DAB2IP,BIRC3,PTGS2,CXCL5']"
Proteoglycans in cancer,-0.6045467768727826,-4.9544739345528725,7.252623751179815e-07,0.00022915673323009028,7.639430351242738e-05,168,"['TNF,MAPK11,IGF2,CTNNB1,MAPK13,HBEGF,GAB1,MMP2,TIAM1,HIF1A,RRAS,ITGB1,MSN,HSPG2,FLNB,TLR2,WNT7A,ITGAV,VEGFA,HPSE,PXN,WNT5A,SRC,GPC1,WNT5B,TIMP3,CAV2,CAV1,ITPR2,ACTG1,MMP9,HOXD10,CD44,CBL,FN1,FAS,TGFB2,EGFR,PLAU,ITGA5,EZR,ITGB5,MET,ACTB,AKT3,HCLS1,ARHGEF1,ITPR3,PLAUR,TLR4,CDKN1A,SDC1,COL1A1,ITGA2,CD63,FZD6,THBS1,PLCE1,TGFB1,IQGAP1,WNT3,RRAS2,ROCK1,FGF2,SDC4,FLNA,FZD10,PAK1,TWIST2']"
NOD-like receptor signaling pathway,-0.6140663220211787,-4.793434839862214,1.6394972628397397e-06,0.0005179473786760925,0.00012952028376433944,135,"['CASP4,TNF,CXCL8,SUGT1,MAPK11,MAPK13,MCU,MAP3K7,PSTPIP1,OAS3,NLRC4,IFI16,TICAM1,JAK1,NLRP1,PLCB3,GBP3,IL1B,TNFAIP3,MAPK10,TANK,ANTXR1,TRIP6,TAB3,GSDMD,ITPR2,IKBKE,PYCARD,CARD6,IRF9,OAS1,RBCK1,CXCL3,GBP1,CTSB,PANX1,CYBA,BCL2L1,OAS2,RIPK3,TXNIP,TLR4,ITPR3,IL6,CASP1,CXCL2,NOD1,PLCB2,CXCL1,NLRP3,IL18,ANTXR2,BIRC3,CARD16']"
AGE-RAGE signaling pathway in diabetic complications,-0.6721922203517118,-4.745967229180758,2.0751230982440916e-06,0.0006555246292038905,0.00013114777980902657,90,"['TNF,EDN1,CXCL8,MAPK11,MAPK13,VEGFC,MMP2,PLCB3,PLCD1,IL1B,VEGFA,PLCD3,SERPINE1,MAPK10,COL4A1,IL1A,TGFBR1,FN1,TGFBR2,ICAM1,FOXO1,TGFB2,F3,VEGFB,PIM1,COL4A2,THBD,AKT3,IL6,TGFB3,PLCE1,TGFB1,PLCB2,SMAD3,COL4A6,EGR1']"
Focal adhesion,-0.5881026020732947,-4.667794901339195,3.0444958563080604e-06,0.0009615995216686793,0.0001603434484322245,162,"['PAK6,LAMA2,CTNNB1,VEGFC,PARVA,MYL9,RAP1B,MYL12B,LAMA5,ITGB1,ITGA6,ITGA3,PDGFC,PDGFA,LAMB1,FLNB,RAC2,ITGAV,CCND2,VEGFA,PXN,ZYX,ITGB6,SRC,LAMB3,MAPK10,COL4A1,CAV2,CAV1,ACTG1,FN1,ITGA4,LAMC2,ACTN4,PGF,LAMA3,FYN,PDGFB,VASP,EGFR,VEGFB,COL4A2,ITGA5,LAMA1,ITGB5,MET,ACTB,AKT3,TNC,COL1A1,SHC1,ITGA2,THBS1,ITGA1,TLN1,SHC4,ITGB4,BIRC3,ROCK1,COL4A6,BCAR1,ACTN1,FLNA,THBS2,ITGB8,CAPN2,PAK1,MYL12A']"
Pathways in cancer,-0.4925972256136304,-4.625151001730593,3.74325594343361e-06,0.0011821717757716913,0.00016898126830357439,424,"['PLD1,ADCY4,BAK1,KITLG,GSTO2,JAK1,CDK6,TCF7,RB1,LPAR6,MMP9,BMP4,PLEKHG5,APAF1,FOXO1,PGF,PIM1,COL4A2,GNB3,BMP2,LPAR5,AKT3,ADCY7,CDKN1A,ETS1,WNT3,FOS,SMAD3,GSTM1,FZD10,EDN1,GADD45A,GSTO1,PTGER4,GLI1,LAMA5,ITGB1,HIF1A,ITGA6,ITGA3,LAMB1,STAT4,VEGFA,FGF5,WNT5B,PPARG,CCNA1,FLT3LG,EPAS1,LAMA3,PDGFB,STAT6,BDKRB1,MET,MSH2,GNG11,ITGA2,TGFB1,COL4A6,CDKN2B,CXCL8,LAMA2,PDGFA,WNT7A,PLCB3,TCF7L1,WNT5A,EDNRA,NOTCH1,BDKRB2,MAPK10,JAG1,PMAIP1,TGFBR2,PML,FAS,RUNX1,TGFB2,LAMA1,IL4R,ARHGEF1,MMP1,IL6,FGFR2,GNG2,GADD45B,FGF2,BIRC3,RAC2,PTGS2,JAK3,IGF2,VEGFC,MMP2,TRAF1,GNAQ,TGFA,MECOM,GNAI2,CALML3,CCND2,LPAR1,LAMB3,COL4A1,IL7R,FN1,LAMC2,DLL1,GSTP1,EGFR,VEGFB,SLC2A1,TGFB3,FGF1,PLCB2,GSTM4,PAX8,IFNGR2']"
Fluid shear stress and atherosclerosis,-0.6124677537259783,-4.5552272764768835,5.232896830076328e-06,0.0016522332821281226,0.00020669942478801495,118,"['TNF,EDN1,SDC4,GSTO1,MAPK11,CTNNB1,MAPK13,IL1R2,PLAT,MAP3K7,MMP2,ACVR1,PDGFA,CALML3,RAC2,GSTO2,ITGAV,IL1B,ARHGEF2,VEGFA,SRC,GPC1,MAPK10,IL1A,CAV2,TRPV4,CAV1,ACTG1,MMP9,TNFRSF1A,ICAM1,BMP4,GSTP1,PDGFB,THBD,CYBA,ACTB,AKT3,SDC1,NCF2,FOS,GSTM4,GSTM1']"
PI3K-Akt signaling pathway,-0.5062007804971174,-4.504932807117472,6.639394742213867e-06,0.0020958563229996796,0.00023311652650439798,255,"['IGF2,LAMA2,VEGFC,TGFA,ITGB1,ITGA6,NGFR,ITGA3,PDGFC,PDGFA,LAMB1,KITLG,SGK1,TLR2,JAK1,CCND2,LPAR1,ITGB6,LAMB3,CDK6,FGF5,COL4A1,IL7R,FN1,CSF1,ITGA4,FLT3LG,LAMC2,AREG,PGF,LAMA3,BDNF,EGFR,EREG,CREB3L1,COL4A2,ITGA5,IL4R,LAMA1,OSMR,EPHA2,NTF4,ITGB5,LPAR5,MET,AKT3,TLR4,IL6,TNC,SYK,GNG11,ITGA2,GNG2,FGF1,IRS1,THBS1,CREB5,ITGB4,COL4A6,FGF2,THBS2,ITGB8']"
Tuberculosis,-0.5973261499357302,-4.461573073699641,8.136019280735596e-06,0.002567690380757436,0.0002570982092712448,125,"['TNF,MAPK11,MAPK13,IFNGR1,CALML3,MRC2,TLR2,JAK1,IL1B,TRADD,SRC,MAPK10,IL1A,C3,CORO1A,CD74,IL23A,TNFRSF1A,APAF1,TGFB2,CASP10,IL10RB,HLA-DPB1,CYP27B1,LAMP1,IRAK2,TLR4,VDR,AKT3,HLA-DOB,IL6,TGFB3,BCL10,SYK,BAX,PLK3,SPHK1,BID,TGFB1,PLA2R1,CEBPB,CTSS,IL18,TLR6,TCIRG1,IFNGR2']"
Shigellosis,-0.5361060112277223,-4.4379397664772515,9.082402537385903e-06,0.002865937572775242,0.0002609126547103587,205,"['WASL,MAPK13,MAPK14,NFKB1,GSK3A,PXN,VCL,CHUK,FOXO1,ACTN4,RHOA,BCL2L1,AKT3,HCLS1,ACTR3,BCL10,BAX,ARPC4,TLN1,GSK3B,CASP4,ROCK2,CAST,MYL9,CSF2,BTRC,ITGB1,ARHGEF2,PLCD3,TRADD,SRC,C3,ACTG1,TNFRSF1A,PYCARD,ITGA5,RIPK1,ITPR3,NOD1,NLRP3,IL18,ROCK1,BCAR1,ACTN1,CRKL,CAPN2,TNF,PRKCQ,ARPC3,CXCL8,MAP3K7,TRAF6,PLCD4,PLCB3,PLCD1,ACTR2,PIK3CA,MAPK10,CAPN1,ITPR2,TAB2,RBCK1,ACTB,CASP1,PLCE1,PTK2,CDC42,MYL12A,MAPK11,TNIP1,U2AF1L5,HKDC1,MYL12B,PFN1,NLRC4,RAC1,ARPC2,IL1B,ARPC1B,TAB3,CD44,EGFR,NFKBIB,ARF6,UBE2D3,TLR4,CTTN,UBC,PLCB2,PIK3C3,PFN2']"
Osteoclast differentiation,-0.635570844718189,-4.41167504727143,1.0257397824453562e-05,0.003236106818738137,0.0002701114760439438,92,"['TNF,JUNB,MAPK11,MAPK13,IFNGR1,MAP3K7,TREM2,TNFRSF11A,FHL2,JAK1,IL1B,MAPK10,IL1A,TGFBR1,PPARG,RELB,TNFRSF1A,CSF1,TGFBR2,IRF9,TGFB2,FYN,SOCS3,CYBA,FOSL1,AKT3,SOCS1,SYK,ACP5,TGFB1,NCF2,SIRPA,FOS,FOSL2,IFNGR2,NFKB2']"
IL-17 signaling pathway,-0.6965284573488312,-4.3651912236767645,1.2701159940231577e-05,0.004005548334282528,0.0003087358877779368,71,"['TNF,CXCL8,MAPK13,S100A8,CSF2,IL17RE,CCL20,TNFAIP3,IL1B,MAPK10,MMP9,CXCL6,CXCL3,FOSL1,S100A9,MMP1,IL6,LCN2,CXCL2,CXCL1,FOS,PTGS2,CXCL5']"
Amoebiasis,-0.6738474184832555,-4.330224006082754,1.4895773548850855e-05,0.004696038468548991,0.0003362188886740621,77,"['TNF,CXCL8,LAMA2,GNA15,IL1R2,CSF2,LAMA5,GNAQ,LAMB1,TLR2,PLCB3,IL1B,LAMB3,RAB7B,COL4A1,FN1,SERPINB3,LAMC2,ACTN4,LAMA3,CXCL3,SERPINB9,TGFB2,CD1D,COL4A2,GNAL,LAMA1,TLR4,IL6,TGFB3,CXCL2,TGFB1,PLCB2,SERPINB13,CXCL1,COL4A6,ACTN1']"
NF-kappa B signaling pathway,-0.6528537005880096,-4.24382222110659,2.1974446295480732e-05,0.006919947456644137,0.0004629283352914607,81,"['TNF,PRKCQ,GADD45A,CXCL8,MAP3K7,TRAF1,TNFRSF11A,TICAM1,CARD10,IL1B,TNFAIP3,TRADD,TAB3,CSNK2A2,RELB,TNFRSF1A,BCL2A1,ICAM1,CXCL3,TICAM2,PLAU,BCL2L1,ERC1,TLR4,BCL10,SYK,GADD45B,CXCL2,CARD11,CXCL1,EDARADD,DDX58,BIRC3,PTGS2,CD40,NFKB2']"
Lipid and atherosclerosis,-0.5479129110071368,-4.188907734724585,2.8030032604320354e-05,0.008818501344451751,0.000553593143935327,169,"['TNF,ROCK2,HSPA1A,CXCL8,MAPK11,ABCA1,MAPK13,ERO1A,RAP1B,MAP3K7,NFKB1,TNFRSF10A,TRAF6,CALML3,HSPA5,TICAM1,AGER,TLR2,PLCB3,HSPA2,IL1B,SRC,TNFSF10,PIK3CA,MIB1,MAPK10,TANK,PPARG,IKBKE,MMP9,TNFRSF1A,CALM2,ICAM1,PYCARD,TAB2,APAF1,FAS,CYP1A1,BAD,CXCL3,LDLR,TICAM2,VLDLR,CYBA,BCL2L1,CASP6,ARHGEF1,MMP1,TLR4,AKT3,IL6,POU2F2,CASP1,BAX,HSP90B1,VAV2,CXCL2,BID,PLCB2,NCF2,TNFRSF10B,CXCL1,NLRP3,FOS,IL18,TLR6,NFE2L2,CD40,CDC42']"
Rheumatoid arthritis,-0.717490567565079,-4.141180980715292,3.455221919224094e-05,0.01085929736320235,0.0006422647802793021,59,"['TNF,CXCL8,CSF2,CCL20,TLR2,IL1B,IL1A,CSF1,ICAM1,CXCL6,TGFB2,CXCL3,HLA-DPB1,TLR4,MMP1,HLA-DOB,IL6,TGFB3,CXCL2,ACP5,TGFB1,CXCL1,IL18,FOS,CXCL5']"
Necroptosis,-0.5819405036865374,-4.095894419682976,4.2054157064708164e-05,0.013201478960045964,0.0007177724528457312,110,"['TNF,JAK3,CHMP1A,CHMP1B,PYGL,IFNGR1,FTL,GLUL,EIF2AK2,TICAM1,JAK1,STAT4,VPS4B,IL1B,TNFAIP3,TRADD,IL33,TNFSF10,MAPK10,CAPN1,IL1A,TNFRSF1A,PYCARD,IRF9,FAS,RBCK1,MLKL,PYGB,TICAM2,STAT6,RIPK3,TLR4,CASP1,BAX,PLA2G4A,TLR3,BID,TNFRSF10B,CHMP4A,NLRP3,BIRC3,CAPN2,IFNGR2']"
Hepatitis B,-0.5573710215560086,-4.089893103546083,4.315720444325599e-05,0.01354539509601474,0.0007177724528457312,140,"['TNF,JAK3,ATF6B,CXCL8,MAPK11,MAP2K1,MAPK13,CREB3,MAP3K7,NFKB1,TRAF6,HSPG2,NFATC4,TICAM1,TLR2,JAK1,DDB1,STAT4,SRC,PIK3CA,MAPK10,RB1,TGFBR1,IKBKE,MMP9,CCNA1,TGFBR2,TAB2,APAF1,FAS,EGR3,SOS1,BAD,TGFB2,CASP10,TICAM2,CREB3L1,STAT6,TLR4,AKT3,IL6,TGFB3,CDKN1A,CASP3,YWHAZ,BAX,TLR3,BID,TGFB1,CREB5,CREB3L2,FOS,SMAD4,SMAD3,DDX58']"
Chagas disease,-0.637841531000696,-4.03027008162235,5.5712800963503284e-05,0.01745166010827845,0.0008802622552233518,79,"['TNF,CXCL8,MAPK11,GNA15,MAPK13,GNAQ,GNAI2,GNAI1,TLR2,PLCB3,IL1B,SERPINE1,BDKRB2,MAPK10,TGFBR1,C3,TGFBR2,FAS,TGFB2,GNAL,TLR4,AKT3,IL6,TGFB3,TGFB1,PLCB2,PPP2R2B,FOS,TLR6,IFNGR2']"
Salmonella infection,-0.4921433764068773,-3.959703286494639,7.504294202176354e-05,0.023435481320271852,0.001129217603756061,226,"['WASL,MAPK13,BAK1,MAPK14,RRAS,NFKB1,KLC1,TCF7L2,TCF7,CHUK,DYNC2H1,SNX9,S100A10,RHOA,RIPK3,EXOC4,AKT3,ACTR3,BAX,ARPC4,RAB7A,PIK3C2G,SNX33,FOS,DYNC1I2,TUBB2A,TUBB2B,CASP4,ROCK2,MYL9,CYFIP1,TRADD,TNFSF10,ACTG1,TNFRSF1A,PYCARD,EXOC2,TUBB6,RIPK1,TUBA1A,CASP3,NCKAP1,NOD1,TNFRSF10B,NLRP3,IL18,TLR6,PLEKHM1,FLNA,TNF,ARPC3,CXCL8,MAP2K1,MAP3K7,TRAF6,TLR2,TCF7L1,ACTR2,BIRC2,RAB7B,PIK3CA,MAPK10,TAB2,MLKL,TUBA1C,ABI1,ACTB,GAPDH,IL6,CASP1,RAB5A,BIRC3,CDC42,MYL12A,MAPK11,CTNNB1,MYL12B,DYNLT1,PFN1,NLRC4,TUBB3,TNFRSF10A,ARPC2,FLNB,IL1B,ARPC1B,AHNAK2,GSDMD,TAB3,ANXA2,AHNAK,DYNC2LI1,KPNA3,TLR4,RALA,M6PR,KLC3,HSP90B1,PLEKHM2,PIK3C3,TXN,PFN2,PAK1,RHOG']"
JAK-STAT signaling pathway,-0.5731372984682824,-3.8937270424302173,9.871572287445396e-05,0.030714142685141388,0.001417916746742157,101,"['CTF1,JAK3,SOCS2,IFNGR1,CSF2,IL20RB,IL22RA1,PDGFA,JAK1,CCND2,STAT4,IFNLR1,IL7R,IL13RA2,IL23A,FHL1,IL6ST,SOCS6,IRF9,EGFR,LIF,PDGFB,PIM1,SOCS3,OSMR,IL10RB,IL4R,BCL2L1,STAT6,IL12RB2,AKT3,IL6,CDKN1A,SOCS1,MCL1,IFNE,IL27RA,LEPR,AOX1,IFNGR2']"
Yersinia infection,-0.5545471084616985,-3.8687591033758,0.0001093906514562093,0.03397864334526136,0.0015029324287027016,120,"['TNF,ROCK2,ARPC3,CXCL8,MAPK11,MAP2K1,WASL,MAPK13,MAP3K7,GNAQ,MAPK14,ITGB1,NLRC4,NFKB1,TRAF6,RAC1,ARPC2,TICAM1,IL1B,ACTR2,ARPC1B,PXN,SRC,PIK3CA,MAPK10,CHUK,ACTG1,ARHGEF28,FN1,ITGA4,PYCARD,RPS6KA1,TAB2,RPS6KA3,PTK2,RHOA,ITGA5,ARF6,ACTB,ARHGEF1,TLR4,AKT3,IL6,ACTR3,CASP1,ARPC4,VAV2,ARHGEF7,NLRP3,FOS,IL18,ROCK1,BCAR1,RHOG,GSK3B,RAC2,CRKL,CDC42']"
Estrogen signaling pathway,-0.5637366475859888,-3.794876902233706,0.00014771672714619655,0.045609091109067045,0.001911179235785454,102,"['HSPA1A,ATF6B,ADCY4,HBEGF,CREB3,MMP2,GNAQ,TGFA,GNAI2,KRT23,GNAI1,CALML3,PLCB3,KRT13,SRC,KRT15,KRT18,ITPR2,KRT14,KCNJ5,MMP9,GABBR1,EGFR,KRT17,CREB3L1,ADCY3,AKT3,ADCY7,ITPR3,SHC1,KCNJ6,KRT19,CREB5,PLCB2,SHC4,FOS,KRT16']"
Human papillomavirus infection,-0.4659366961297569,-3.789088757720171,0.00015120088890707706,0.046659449498395664,0.001911179235785454,272,"['CREB3,BAK1,NOTCH2,JAK1,PXN,PARD3,CDK6,TCF7,RB1,IKBKE,FOXO1,MAML2,COL4A2,AKT3,CDKN1A,COL1A1,BAX,FZD6,THBS1,PPP2R2B,WNT3,FZD10,PARD6G,PTGER4,HLA-A,LAMA5,ITGB1,ITGA6,ITGA3,LAMB1,VEGFA,TRADD,HLA-C,WNT5B,TNFRSF1A,CCNA1,IRF9,IRF1,LAMA3,CREB3L1,ITGA5,ITGB5,DLG1,ITGA2,HES2,ITGA1,COL4A6,ITGB8,TNF,LAMA2,WNT7A,TCF7L1,ITGAV,WNT5A,NOTCH1,PKM,JAG1,ITGA4,FAS,HES7,LAMA1,TNC,TLR3,HLA-B,CREB5,ITGB4,HLA-E,PTGS2,CTNNB1,CCND2,ITGB6,LAMB3,COL4A1,MFNG,FN1,LAMC2,EGFR,HLA-F,TCIRG1,THBS2,LFNG']"
Influenza A,-0.5373767154049867,-3.753353581486209,0.00017448446646062266,0.05364915088420016,0.002120657361598337,129,"['TNF,CXCL8,NXT1,MX1,HNRNPUL1,MAP2K1,BAK1,IFNGR1,OAS3,NFKB1,TNFRSF10A,EIF2AK2,TICAM1,JAK1,IL1B,TRADD,IL33,TNFSF10,CDK6,PIK3CA,IL1A,ACTG1,IKBKE,TNFRSF1A,PYCARD,ICAM1,IRF9,APAF1,DNAJB1,FAS,PML,OAS1,SOCS3,NFKBIB,DNAJC3,HLA-DPB1,IFNAR2,OAS2,ACTB,TLR4,AKT3,HLA-DOB,IL6,CASP3,CASP1,BAX,PRSS3,TLR3,BID,TNFRSF10B,NLRP3,IL18,FDPS,DDX58,BCL2L2-PABPN1,IFNGR2']"
Kaposi sarcoma-associated herpesvirus infection,-0.5228779816810897,-3.7219701123953217,0.00019767442507756527,0.060559969084069895,0.002313522900907801,157,"['CXCL8,MAPK11,CTNNB1,MAPK13,BAK1,IFNGR1,CSF2,HLA-A,ZFP36,HIF1A,EIF2AK2,CALML3,NFATC4,GNG12,TICAM1,JAK1,TCF7L1,VEGFA,TRADD,SRC,HLA-C,CDK6,PIK3CA,TCF7,RB1,MAPK10,C3,ITPR2,IKBKE,TNFRSF1A,IL6ST,ICAM1,IRF9,FAS,CXCL3,PDGFB,GNB3,MICA,AKT3,ITPR3,IL6,CDKN1A,SYK,BAX,GNG11,GNG2,MICB,TLR3,CXCL2,BID,HLA-B,CXCL1,HLA-F,FOS,HLA-E,GNB5,FGF2,PTGS2']"
Pertussis,-0.6553818333646317,-3.6729483909058205,0.0002397679217565063,0.07297592968628112,0.002705952259823428,62,"['TNF,CXCL8,MAPK13,ITGB1,GNAI2,CALML3,IL1B,SERPING1,MAPK10,IL1A,C3,PYCARD,CXCL6,IRF1,TICAM2,ITGA5,TLR4,IL6,CASP1,NLRP3,FOS,CXCL5']"
Measles,-0.5481396442570878,-3.654269327832597,0.0002579154223569802,0.07827815315373839,0.002751076081125821,107,"['HSPA1A,JAK3,MX1,BAK1,MAP3K7,CBLB,OAS3,NFKB1,MSN,TRAF6,EIF2AK2,HSPA2,TLR2,JAK1,CCND2,IL1B,TNFAIP3,TRADD,CDK6,PIK3CA,MAPK10,IL1A,CSNK2A2,IKBKE,TAB2,IRF9,APAF1,FAS,OAS1,BAD,NFKBIB,BCL2L1,IFNAR2,OAS2,TLR4,AKT3,IL6,CASP3,BAX,BID,FOS,DDX58']"
Toxoplasmosis,-0.5752038543292866,-3.651042404589395,0.00026117810896764126,0.07922821338530296,0.002751076081125821,88,"['TNF,HSPA1A,MAPK11,LAMA2,MAPK13,IFNGR1,MAP3K7,LAMA5,ITGB1,ITGA6,GNAI2,GNAI1,LAMB1,TLR2,JAK1,LAMB3,MAPK10,TNFRSF1A,LAMC2,LAMA3,TGFB2,LDLR,IL10RB,LAMA1,HLA-DPB1,BCL2L1,TLR4,AKT3,HLA-DOB,TGFB3,SOCS1,TGFB1,BIRC3,CD40,IFNGR2']"
Legionellosis,-0.6768625468119984,-3.6307964282741714,0.00028254798386151414,0.0854268076214184,0.002880166545168983,51,"['TNF,HSPA1A,CXCL2,IL1B,CXCL8,CXCL3,CXCL1,IL18,TLR4,C3,IL6,PYCARD,CASP1']"
ECM-receptor interaction,-0.6523728760185923,-3.5931662410762355,0.0003266840169167118,0.0980976418486943,0.0031110288329275564,60,"['LAMA2,ITGB1,ITGA6,ITGA3,HSPG2,SV2A,LAMB1,ITGB6,LAMB3,COL4A1,CD44,ITGA4,FN1,LAMC2,LAMA3,COL4A2,ITGA5,LAMA1,ITGB5,AGRN,TNC,SDC1,ITGA2,THBS1,ITGB4,COL4A6,SDC4,THBS2,ITGB8']"
MicroRNAs in cancer,-0.5171363067031676,-3.5871403355386224,0.0003343244123672484,0.10027325493181548,0.0031110288329275564,150,"['SERPINB5,CYP24A1,VIM,BAK1,SPRY2,PDGFA,CCND2,VEGFA,NOTCH1,CDK6,TIMP3,DDIT4,IRS2,FSCN1,MMP9,HOXD10,CD44,TP63,TGFB2,EGFR,PDGFB,PLAU,PIM1,ITGA5,EZR,MET,SOCS1,CDKN1A,TNC,SHC1,IRS1,THBS1,SHC4,WNT3,CYP1B1,PTGS2,HMGA2']"
Viral protein interaction with cytokine and cytokine receptor,-0.7721872960358097,-3.58682332570849,0.0003347309503782814,0.10038887048829233,0.0031110288329275564,32,"['TNF,CXCL8,TNFRSF14,IL20RB,CCL20,IL22RA1,IL18R1,CX3CL1,CXCL11,CSF1,CXCL6,CXCL3,CCL28,IL6,CXCL2,CXCR5,CXCL1,IL18,CXCL5']"
Small cell lung cancer,-0.5702124248038489,-3.5601779684311765,0.00037060354264140116,0.11053260294449847,0.0032203507717631567,87,"['GADD45A,LAMA2,BAK1,TRAF1,LAMA5,ITGB1,ITGA6,ITGA3,LAMB1,LAMB3,CDK6,COL4A1,RB1,FN1,LAMC2,APAF1,LAMA3,COL4A2,LAMA1,AKT3,CDKN1A,ITGA2,GADD45B,COL4A6,BIRC3,PTGS2,CDKN2B']"
Transcriptional misregulation in cancer,-0.5208589255742248,-3.5591121777093724,0.00037211057884212195,0.1109562446078517,0.0032203507717631567,131,"['GADD45A,CXCL8,PBX3,FLI1,IL1R2,PLAT,BAK1,CSF2,TRAF1,NGFR,PDGFA,CCND2,PAX8,CD40,PPARG,MMP9,BCL2A1,CCNA1,TGFBR2,PML,RUNX1,FOXO1,RUNX2,TSPAN7,HOXA9,BCL11B,PLAU,ETV4,MET,DUSP6,IL6,CDKN1A,GADD45B,HOXA11,ETV5,BIRC3,NFKBIZ,HMGA2,ETV1']"
Malaria,-0.8327112395867717,-3.549989906249751,0.00038524592201261143,0.11464020348500134,0.0032203507717631567,26,"['TNF,TLR2,KLRK1,CXCL8,IL1B,TGFB2,THBS1,TGFB1,ICAM1,IL18,LRP1,TLR4,MET,IL6,TGFB3,CD40,THBS2,SDC1']"
Cellular senescence,-0.5156115027385509,-3.5486187268768044,0.00038725737128797455,0.11520299258230887,0.0032203507717631567,147,"['TRAF3IP2,GADD45A,CXCL8,ZFP36L1,MAPK11,MAPK13,HLA-A,RRAS,CALML3,ZFP36L2,CCND2,SERPINE1,HLA-C,CDK6,RB1,CAPN1,TRPV4,IL1A,ITPR2,TGFBR1,CCNA1,TGFBR2,FOXO1,TGFB2,AKT3,ITPR3,IL6,TGFB3,CDKN1A,GADD45B,TGFB1,HLA-B,ETS1,HLA-F,HLA-E,SMAD3,CAPN2,CDKN2B']"
Human T-cell leukemia virus 1 infection,-0.4879745086105769,-3.5157440653907823,0.0004385234919905834,0.12942713299406655,0.0034233708772455243,191,"['TNF,JAK3,ATF6B,ADCY4,IL1R2,HLA-A,CSF2,ZFP36,ETS2,NFATC4,JAK1,CCND2,HLA-C,MAPK10,RB1,TGFBR1,NRP1,EGR1,RELB,CDC16,TNFRSF1A,ICAM1,CCNA1,TGFBR2,TGFB2,CREB3L1,TSPO,ADCY3,HLA-DPB1,BCL2L1,FOSL1,AKT3,ADCY7,SLC2A1,IL6,HLA-DOB,TGFB3,CDKN1A,BAX,DLG1,TGFB1,HLA-B,CREB5,TLN1,ETS1,FOS,FDPS,HLA-E,SMAD3,HLA-F,MMP7,CD40,NFKB2,CDKN2B']"
Hematopoietic cell lineage,-0.6803001726083556,-3.513171980660589,0.00044279077021869284,0.1306007913001252,0.0034233708772455243,44,"['TNF,ANPEP,CSF2,ITGA6,ITGA3,KITLG,CD59,IL1B,CD24,IL1A,IL7R,CD44,CSF1,ITGA4,FLT3LG,CD1D,ITGA5,HLA-DPB1,IL4R,HLA-DOB,IL6,ITGA2']"
Relaxin signaling pathway,-0.5366934494182437,-3.512344681650426,0.0004441715378704636,0.1309802152898812,0.0034233708772455243,107,"['EDN1,ATF6B,MAPK11,GNA15,MAPK13,ADCY4,CREB3,VEGFC,MMP2,ACTA2,GNAI2,GNAI1,GNG12,PLCB3,VEGFA,SRC,MAPK10,COL4A1,TGFBR1,MMP9,TGFBR2,EGFR,NOS1,VEGFB,CREB3L1,COL4A2,ADCY3,GNB3,MMP1,AKT3,ADCY7,COL1A1,GNG11,SHC1,GNG2,TGFB1,CREB5,PLCB2,SHC4,FOS,COL4A6']"
Leishmaniasis,-0.6612582485309305,-3.4974197229331634,0.00046978207628911584,0.13798793929008646,0.0035345508596990624,51,"['TNF,MAPK13,ITGB1,TLR2,JAK1,IL1B,IL1A,C3,ITGA4,TGFB2,CYBA,HLA-DPB1,TLR4,HLA-DOB,TGFB3,TGFB1,NCF2,FOS,PTGS2,IFNGR2']"
Epstein-Barr virus infection,-0.5004752252455754,-3.4806079535379464,0.000500277173417718,0.1462587728354457,0.0036764555069767188,166,"['TNF,GADD45A,JAK3,MAPK11,MAPK13,VIM,BAK1,HLA-A,MAP3K7,OAS3,TLR2,JAK1,CCND2,TNFAIP3,TAP1,TRADD,HLA-C,CDK6,MAPK10,RB1,RELB,IKBKE,TAP2,CD44,CCNA1,ICAM1,IRF9,APAF1,FAS,CD58,OAS1,HLA-DPB1,ENTPD3,OAS2,AKT3,HLA-DOB,IL6,CDKN1A,SYK,BAX,TAPBP,GADD45B,HLA-B,NFKBIE,HLA-F,HLA-E,DDX58,CD40,NFKB2']"
C-type lectin receptor signaling pathway,-0.5582982546991101,-3.4590939442753297,0.0005419958260639568,0.15744565283130368,0.003865582906009399,88,"['TNF,MAPK11,MAPK13,RRAS,CBLB,CALML3,NFATC4,IL1B,SRC,PIK3CA,MAPK10,ITPR2,RELB,IKBKE,IL23A,PYCARD,IRF9,EGR3,IRF1,AKT3,ITPR3,IL6,BCL10,SYK,CASP1,PLK3,NLRP3,RRAS2,PTGS2,PAK1,NFKB2']"
Regulation of actin cytoskeleton,-0.49422574891842985,-3.4549090031300183,0.0005504785783874144,0.1597023683935126,0.003865582906009399,175,"['PAK6,MYH9,FGD1,MYL9,MYL12B,TIAM1,ITGB1,RRAS,ITGA6,GSN,ITGA3,PDGFC,MSN,PDGFA,ARPC2,GNG12,RAC2,ITGAV,F2R,ARPC1B,ACTR2,LPAR1,PXN,ITGB6,SSH1,SRC,BDKRB2,FGF5,SSH3,ACTG1,FN1,ITGA4,ACTN4,EGFR,PDGFB,ITGA5,EZR,BDKRB1,ITGB5,LPAR5,ACTB,ARHGEF1,TMSB4X,FGFR2,FGF1,ITGA2,IQGAP1,ITGA1,ITGB4,RRAS2,ROCK1,BCAR1,ABI2,PFN2,FGF2,ACTN1,LIMK2,ITGB8,PAK1,MYL12A']"
Inflammatory bowel disease,-0.6899907022970438,-3.443687212632775,0.0005738391553240518,0.1658860214492417,0.0038896904112453124,40,"['TNF,IL18R1,TLR2,IL1B,STAT4,IL1A,TGFB2,HLA-DPB1,IL4R,STAT6,TLR4,HLA-DOB,IL6,TGFB3,TGFB1,IL18,SMAD3,GATA3,IFNGR2']"
Cytosolic DNA-sensing pathway,-0.6897096838302492,-3.441485300960421,0.000578529902938385,0.16712220464688318,0.0038896904112453124,40,"['IL1B,IL33,IL18,RIPK3,IL6,PYCARD,CASP1']"
Th17 cell differentiation,-0.5817189802883701,-3.369334027035023,0.0007535005514665016,0.2119517231149496,0.004960545297154469,76,"['PRKCQ,JAK3,MAPK13,JAK1,IL1B,MAPK10,AHR,TGFBR2,RUNX1,HLA-DPB1,IL4R,STAT6,HLA-DOB,IL6,IL1RAP,TGFB1,IL27RA,NFKBIE,FOS,SMAD3,GATA3,IFNGR2']"
Pathogenic Escherichia coli infection,-0.49368620628736304,-3.3609636082946728,0.0007767105857019452,0.2177148106064198,0.005008990715955401,164,"['WASL,MAPK13,BAK1,MAPK14,NFKB1,MYO5B,CHUK,RHOA,FYN,LPAR5,HCLS1,ACTR3,BAX,ARPC4,FOS,PAK2,TUBB2A,TUBB2B,CASP4,ROCK2,NCK2,MYH11,ITGB1,CYFIP1,MYO1E,ARHGEF2,TRADD,SRC,TNFSF10,ACTG1,TNFRSF1A,PYCARD,TUBB6,RIPK1,TUBA1A,CASP3,NCKAP1,TNFRSF10B,NLRP3,IL18,ROCK1,MYO1D,TNF,ARPC3,CXCL8,MYH9,MAP3K7,TRAF6,RAB1A,CLDN11,ACTR2,MAPK10,SEC24D,TAB2,FAS,CLDN1,MYO10,TUBA1C,ABI1,ACTB,ARHGEF1,GAPDH,IL6,CASP1,SEC24B,MYO1B,CDC42,MAPK11,TUBB3,TNFRSF10A,ARPC2,F2R,IL1B,ARPC1B,LPAR1,TAB3,NFKBIB,EZR,MYO5A,TLR4,CTTN,PAK1']"
Staphylococcus aureus infection,-0.7449422144224043,-3.2626438721128146,0.0011037813001597563,0.2945980728983051,0.00697589781700966,30,"['CFB,KRT19,KRT17,CFH,KRT13,PTAFR,KRT15,HLA-DPB1,KRT16,C3,KRT14,HLA-DOB,KRT23,ICAM1']"
MAPK signaling pathway,-0.4462719517485249,-3.2475995566181757,0.0011638294021536488,0.30787192990477164,0.007211178256481432,233,"['TNF,HSPA1A,GADD45A,IGF2,MAPK13,VEGFC,DUSP4,DUSP5,TGFA,MECOM,RRAS,NGFR,PDGFC,PDGFA,KITLG,IL1B,RASGRF2,FGF5,MAPK10,IL1A,RELB,CSF1,TGFBR2,FLT3LG,FAS,AREG,PGF,BDNF,TGFB2,EGFR,VEGFB,EREG,CACNA2D1,EPHA2,NTF4,CACNB1,MET,DUSP6,AKT3,TGFB3,FGFR2,IL1RAP,FGF1,PLA2G4A,GADD45B,TGFB1,FOS,DUSP7,FGF2,RAC2,FLNA,PAK1']"
Natural killer cell mediated cytotoxicity,-0.5609679005302683,-3.1218970731739737,0.0017968974872477617,0.43352955706070445,0.010919607807121014,75,"['TNF,KLRK1,MAP2K1,HLA-A,CSF2,IFNGR1,RAET1L,TNFRSF10A,HLA-C,TNFSF10,RAET1G,PIK3CA,ICAM1,SOS1,FAS,FYN,ICAM2,IFNAR2,MICA,CASP3,SYK,MICB,VAV2,SHC1,RAET1E,ULBP2,HLA-B,BID,TNFRSF10B,SHC4,HLA-E,RAC2,PAK1,IFNGR2']"
Colorectal cancer,-0.5317008237827495,-3.086943575441489,0.0020222597860297675,0.4725394015480761,0.012057247026139745,86,"['GADD45A,CTNNB1,BAK1,TGFA,TCF7L1,MAPK10,TCF7,TGFBR1,PMAIP1,TGFBR2,AREG,TGFB2,EGFR,EREG,AKT3,MSH2,TGFB3,CDKN1A,GADD45B,TGFB1,FOS,SMAD3,RAC2']"
Viral myocarditis,-0.633431173442142,-2.990349949621878,0.0027865799897570653,0.5859582377136636,0.01626837542253785,40,"['LAMA2,FYN,HLA-B,HLA-C,HLA-DPB1,ICAM1,HLA-A,LAMA1,DMD,ABL2,ACTB,CAV1,HLA-F,ACTG1,HLA-DOB,HLA-E,CD40,RAC2']"
Human cytomegalovirus infection,-0.46381192374443586,-2.9854600686817636,0.0028315210387328538,0.5918129735222474,0.01626837542253785,175,"['TNF,ATF6B,CXCL8,MAPK11,PTGER4,CTNNB1,MAPK13,ADCY4,CREB3,BAK1,HLA-A,GNAQ,GNAI2,GNAI1,CALML3,NFATC4,GNG12,JAK1,ITGAV,PLCB3,IL1B,VEGFA,TAP1,PXN,TRADD,SRC,CX3CL1,CDK6,HLA-C,RB1,ITPR2,TAP2,TNFRSF1A,FAS,EGFR,CREB3L1,IL10RB,ADCY3,GNB3,ARHGEF1,AKT3,ADCY7,ITPR3,IL6,CDKN1A,BAX,GNG11,GNG2,TAPBP,BID,HLA-B,CREB5,PLCB2,HLA-F,HLA-E,ROCK1,BCAR1,RAC2,PTGS2']"
"Alanine, aspartate and glutamate metabolism",0.6885264847394486,2.9547808223832592,0.003128912497605274,0.6285297200656279,0.017656006236486905,29,"['RIMKLA,GFPT2,DDO,GPT,ASRGL1,NAT8L,FOLH1,GLS2']"
Arrhythmogenic right ventricular cardiomyopathy,-0.5978880378412166,-2.928602661090521,0.003404893718001789,0.6596505261689416,0.018876252892781848,50,"['LAMA2,CTNNB1,SLC8A1,ITGB1,ITGA6,PKP2,ITGA3,GJA1,ITGAV,TCF7L1,ITGB6,TCF7,ACTG1,DSP,ITGA4,LMNA,ITGA5,CACNA2D1,LAMA1,CACNB1,ACTB,ITGB5,ITGA2,ITGA1,DMD,ITGB4,DSG2,ITGB8']"
Rap1 signaling pathway,-0.4652888075701492,-2.916294528171977,0.0035421594759403874,0.674147188299252,0.019298661972364867,162,"['MAPK11,PARD6G,ARAP3,CTNNB1,MAPK13,ADCY4,VEGFC,RAP1B,GNAQ,TIAM1,ITGB1,RRAS,NGFR,GNAI2,PDGFC,GNAI1,PDGFA,KITLG,CALML3,PLCB3,F2R,VEGFA,LPAR1,DOCK4,PARD3,SRC,FGF5,ACTG1,CSF1,P2RY1,PGF,EGFR,PDGFB,VASP,VEGFB,ADCY3,ADORA2B,EPHA2,ACTB,LPAR5,MET,AKT3,ADCY7,PRKD2,FGFR2,FGF1,PLCE1,THBS1,PLCB2,TLN1,RAPGEF4,BCAR1,PFN2,FGF2,RAC2,RAPGEF3']"
Hypertrophic cardiomyopathy,-0.5832576826854153,-2.9055779360358365,0.0036657554561760897,0.6866727456847816,0.019633537697485496,58,"['TNF,EDN1,LAMA2,SLC8A1,ITGB1,ITGA6,ITGA3,ITGB6,ACTG1,ITGA4,LMNA,TGFB2,TPM2,ITGA5,CACNA2D1,LAMA1,CACNB1,ITGB5,IL6,TGFB3,ITGA2,TGFB1,ITGA1,DMD,ITGB4,TPM4,ITGB8']"
Phagosome,-0.4884900069177173,-2.888039647476113,0.0038765100671285246,0.706934062710935,0.02041628635354356,106,"['HLA-A,ITGB1,TUBB3,MRC2,TLR2,ITGAV,TAP1,HLA-C,RAB7B,C3,ACTG1,CORO1A,TAP2,NOS1,ITGA5,CYBA,HLA-DPB1,TUBB6,LAMP1,ITGB5,ACTB,TLR4,HLA-DOB,TUBA1A,ITGA2,THBS1,HLA-B,NCF2,PLA2R1,CTSS,HLA-F,TLR6,HLA-E,THBS2,TUBB2B']"
Bile secretion,0.5699315747690314,2.8735930137413597,0.004058315571931592,0.7233596608040624,0.021023405257875133,48,"['UGT2B10,UGT2B17,UGT2B15,SLC4A4,AQP1,PRKACB,ADCY1,ATP1A3,UGT2B11,UGT2B28,ABCC4,CYP7A1,KCNN2,EPHX1,UGT2B4']"
Complement and coagulation cascades,-0.6092537997939316,-2.8654997822380768,0.004163515592969125,0.7324416115091155,0.021220498828681347,42,"['CFB,CD59,SERPINA1,F3,SERPING1,PROCR,SERPINE1,PLAU,SERPINF2,CFH,BDKRB2,PLAT,THBD,SERPINB2,C3,PLAUR']"
Human immunodeficiency virus 1 infection,-0.45441258136584495,-2.7919451111955587,0.0052392242748606765,0.8098509604152925,0.026279283664380534,168,"['TNF,MAPK11,PAK6,MAP2K1,MAPK13,BAK1,HLA-A,MAP3K7,BTRC,MAPK14,GNAQ,MAPK1,BST2,NFKB1,GNAI2,TRAF6,GNAI1,CALML3,RAC1,NFATC4,GNG12,TRIM5,TLR2,DDB1,TAP1,PXN,TRADD,HLA-C,PIK3CA,MAPK10,CHUK,APOBEC3C,ITPR2,TAP2,APOBEC3G,CALM2,TNFRSF1A,PPP3R1,TAB2,FAS,BAD,AP1B1,PTK2,CRK,GNB3,BCL2L1,AP1S3,TLR4,AKT3,RIPK1,ITPR3,B2M,CASP3,CRKL,BAX,GNG11,GNG2,TAPBP,APOBEC3D,BID,HLA-B,PDIA3,IRF3,HLA-F,FOS,HLA-E,GNG10,GNB5,RAC2,LIMK2,PAK2,PAK1']"
Toll-like receptor signaling pathway,-0.5395534366730302,-2.7793117994125716,0.005447420921574908,0.8220211689537283,0.026807056715482353,70,"['TNF,TLR2,CXCL8,IL1B,TICAM2,TLR3,MAPK13,MAPK10,CXCL11,FOS,TLR6,TLR4,AKT3,IL6,CD40']"
Renal cell carcinoma,-0.5564702852978973,-2.7753572646529525,0.005514109767425168,0.8257528306350344,0.026807056715482353,64,"['EPAS1,TGFB2,PAK6,VEGFA,PDGFB,TGFB1,GAB1,PAK1,RAP1B,ETS1,TGFA,HIF1A,MET,AKT3,SLC2A1,TGFB3,CDKN1A']"
Hippo signaling pathway,-0.46068846362765675,-2.744686509565066,0.006056872612128172,0.8533624816378897,0.028213226700989684,139,"['WWTR1,PARD6G,CTNNB1,TEAD2,SNAI2,FRMD6,WNT7A,TCF7L1,CCND2,LATS2,SERPINE1,WNT5A,PARD3,PAK1,WNT5B,TCF7,AJUBA,TGFBR1,ACTG1,BMP4,TGFBR2,AREG,TGFB2,YWHAH,TEAD1,BMP2,ACTB,TGFB3,FGF1,DLG1,FAT4,FZD6,TGFB1,SOX2,RASSF6,PPP2R2B,WNT3,SMAD3,BIRC3,FZD10,MOB1A']"
Coronavirus disease,-0.44724573399960743,-2.7439135277220394,0.006071152799429047,0.8540267172905075,0.028213226700989684,178,"['TNF,CXCL8,MAPK11,MX1,MAPK13,HBEGF,RPL10,MAP3K7,CSF2,RPL9,OAS3,NFKB1,TRAF6,EIF2AK2,TLR2,JAK1,CFB,IL1B,RPS19,PIK3CA,MAPK10,ADAM17,C3,NRP1,IKBKE,TNFRSF1A,IL6ST,TAB2,IRF9,C4A,OAS1,RPS4Y1,EGFR,RPL18,NFKBIB,IFNAR2,OAS2,TLR4,MMP1,IL6,C1S,SYK,CASP1,TLR3,NLRP3,FOS,DDX58']"
Th1 and Th2 cell differentiation,-0.5582035467325627,-2.7439109385838267,0.006071200682491451,0.8540289394937907,0.028213226700989684,62,"['PRKCQ,JAK1,JAK3,STAT4,DLL1,MAML2,MAPK13,NOTCH1,HLA-DPB1,MAPK10,IL4R,NFKBIE,STAT6,FOS,JAG1,HLA-DOB,GATA3,IFNGR2']"
Leukocyte transendothelial migration,-0.517113094471376,-2.7311252982563268,0.006311846959720979,0.8647817148798939,0.028906429554664194,79,"['MAPK11,CTNNB1,MAPK13,MYL9,RAP1B,MYL12B,MMP2,ITGB1,GNAI2,MSN,GNAI1,RAC2,CLDN11,PXN,ACTG1,MMP9,ITGA4,ICAM1,ACTN4,CLDN1,VASP,CYBA,EZR,ACTB,NCF2,RAPGEF4,ROCK1,BCAR1,ACTN1,RAPGEF3,MYL12A']"
Neutrophil extracellular trap formation,-0.5234965883156389,-2.6899721421655305,0.007145798396681169,0.8962922881334128,0.03225817561930357,74,"['CASP4,MAPK11,MAPK13,MAP3K7,AGER,TLR2,PLCB3,SRC,C3,ACTG1,CYBA,ACTB,TLR4,AKT3,CASP1,SYK,HDAC9,PLCB2,NCF2,RAC2,GSDMD']"
Hepatocellular carcinoma,-0.4552634727077193,-2.6734179957907105,0.007508263066111631,0.907593971620997,0.033417058153398245,146,"['GADD45A,GSTO1,IGF2,CTNNB1,GAB1,BAK1,TGFA,GSTO2,WNT7A,TCF7L1,WNT5A,CDK6,WNT5B,TCF7,RB1,TGFBR1,ACTG1,TGFBR2,TGFB2,EGFR,GSTP1,BCL2L1,ACTB,MET,AKT3,TGFB3,CDKN1A,BAX,SHC1,GADD45B,FZD6,TGFB1,SHC4,SMARCD1,WNT3,SMAD3,GSTM4,GSTM1,FZD10']"
Apoptosis,-0.4606447749647874,-2.6615478511956083,0.007778228423638289,0.9152058881140732,0.03413778030374583,125,"['CTSZ,TNF,CTSC,GADD45A,LMNB2,MAP2K1,BAK1,TRAF1,PTPN13,NGFR,NFKB1,TNFRSF10A,BIRC2,TRADD,TNFSF10,PIK3CA,MAPK10,CAPN1,ITPR2,ACTG1,CTSH,TNFRSF1A,LMNA,PMAIP1,BCL2A1,APAF1,FAS,BAD,CASP10,CTSB,TUBA1C,BCL2L1,CASP6,ACTB,AKT3,RIPK1,ITPR3,TUBA1A,CASP3,MCL1,BAX,GADD45B,SPTAN1,BID,TNFRSF10B,CTSS,TP53AIP1,FOS,CTSD,DAB2IP,BIRC3,CAPN2']"
ErbB signaling pathway,-0.5107237518048352,-2.5936493020229836,0.009496329746862875,0.9509629692626869,0.04110740000011875,76,"['NCK2,PAK6,HBEGF,GAB1,TGFA,CBLB,NRG1,BTC,SRC,MAPK10,PIK3CA,CBL,AREG,EGFR,EREG,ABL2,AKT3,CDKN1A,SHC1,SHC4,CRKL,PAK1']"
Glycosaminoglycan biosynthesis,-0.568915281124103,-2.563304607684946,0.010368104085948904,0.9628734832905848,0.04427460663729532,44,"['CHST2,UST,CHST15,HS3ST1,XYLT1,HS3ST2,CHST11,DSE,CHST6,EXT2,CHPF,B4GALT1,CHPF2,EXTL3,CHST3,HS6ST2,CHST7,XYLT2,EXT1,ST3GAL2,B3GNT2']"
Pancreatic cancer,-0.5075476192313448,-2.5576767347433864,0.010537399733944408,0.9648273453790805,0.044397577545685775,76,"['PLD1,GADD45A,MAP2K1,BAK1,TGFA,NFKB1,JAK1,VEGFA,RALBP1,CDK6,MAPK10,PIK3CA,RB1,TGFBR1,TGFBR2,RALB,BAD,TGFB2,EGFR,BCL2L1,AKT3,RALA,TGFB3,CDKN1A,BAX,GADD45B,TGFB1,SMAD4,SMAD3,RAC2,CDC42']"
Chemokine signaling pathway,-0.452887828527044,-2.542383537633118,0.01100992858114136,0.9697552211300333,0.045778124100535125,124,"['JAK3,CXCL8,ADCY4,RAP1B,GNAQ,TIAM1,GNAI2,CCL20,GNAI1,GNG12,PLCB3,PXN,PARD3,CX3CL1,SRC,PAK1,CXCL11,CXCL6,CXCL3,ADCY3,GNB3,CCL28,AKT3,ADCY7,GRK5,GNG11,SHC1,GNG2,CXCL2,CXCR5,PLCB2,CXCL1,SHC4,ROCK1,BCAR1,RAC2,CXCL5']"
Herpes simplex virus 1 infection,-0.3909952301781455,-2.531871000154925,0.011345572275264004,0.972831418602475,0.046561049856927605,436,"['ZNF514,BAK1,NFKB1,ZNF347,ZNF311,ZNF585B,JAK1,ZNF436,ZNF221,IKBKE,APAF1,ZNF860,ZFP69,BCL2L1,ZNF224,AKT3,POU2F2,ZNF555,ZNF662,BAX,ZNF528,ZNF560,ZNF208,ZNF486,ZNF404,ZNF432,ZNF135,SP100,ZNF793,TNFRSF14,IFNGR1,NECTIN2,HLA-A,ZNF114,BST2,ZNF85,ZNF699,TRADD,SRC,HLA-C,ZNF816,ZFP28,C3,TNFRSF1A,IRF9,ZNF506,SOCS3,ITGA5,ZNF334,NECTIN1,SYK,ZNF682,TNF,ZNF415,ZNF43,ZNF564,ZNF665,ZNF836,MAP3K7,SRPK1,ZNF93,ZNF160,TRAF6,EIF2AK2,ZNF671,ZNF619,TLR2,TAP1,ZNF284,BIRC2,PIK3CA,CD74,ZNF841,TAP2,ZNF630,TAB2,PML,FAS,BAD,ZNF45,IL6,ZNF570,B2M,TAPBP,ZNF154,TLR3,HLA-B,ZNF229,HLA-E,DDX58,BIRC3,ZNF763,ZNF354C,ZNF846,ZNF677,ZNF320,ZNF439,OAS3,ZNF222,TICAM1,ZFP92,IL1B,ZNF223,ZNF112,ZNF90,OAS1,ZNF100,ZIK1,HLA-DPB1,IFNAR2,ZNF737,OAS2,HLA-DOB,BID,ZNF578,HLA-F,ZNF558,ZNF155,IFNGR2']"
Endocytosis,-0.4138017597722367,-2.516566667418308,0.011850447824684363,0.9768811462040367,0.048009506571798186,219,"['ARPC3,RUFY2,RAB11FIP5,PLD1,HSPA1A,EHD2,PARD6G,ASAP1,WASL,IGF1R,ARAP3,ITCH,CHMP1B,CHMP1A,HLA-A,SNX6,VPS36,NEDD4,CHMP3,CBLB,TRAF6,CLTB,ARPC2,HSPA2,AGAP2,VPS4B,ACTR2,CBLC,ARPC1B,SMURF1,FOLR3,PARD3,SRC,HLA-C,SMURF2,TGFBR1,CAV2,CAV1,CBL,TGFBR2,CLTC,ASAP2,PML,LDLR,EGFR,RHOA,RAB31,EHD4,SH3GLB1,GRK5,ACTR3,FGFR2,CLTCL1,PIP5KL1,ARPC4,CAPZB,RAB7A,SNX5,PRKCI,HLA-B,CHMP4A,HLA-F,HLA-E,EHD1,SMAD3,VPS35,ARAP2,RAB5A,DAB2,CDC42,SH3KBP1']"
Epithelial cell signaling in Helicobacter pylori infection,-0.5340230606096543,-2.4997991158392754,0.012426374736030255,0.9807710047750879,0.04970549894412102,62,"['CXCL2,CXCL8,CXCL3,EGFR,MAPK13,HBEGF,ADAM17,MAPK10,CXCL1,PTPRZ1,MET,PAK1']"
Viral carcinogenesis,-0.4409023440496371,-2.4887362160174007,0.012819804322205197,0.9830459601642194,0.050638227072710526,154,"['NFKB2,JAK3,ATF6B,SCRIB,GTF2H4,CREB3,BAK1,HLA-A,TRAF1,MAPK1,GSN,NFKB1,REL,EIF2AK2,RAC1,JAK1,CCND2,DDB1,YWHAQ,PXN,TRADD,SRC,HLA-C,CDK6,PIK3CA,RB1,PKM,C3,IL6ST,PMAIP1,CCNA1,IRF9,EGR3,ACTN4,BAD,RHOA,CREB3L1,SRF,MAD1L1,YWHAH,LTBR,YWHAB,VAC14,CDKN1A,CASP3,SYK,BAX,DLG1,YWHAZ,CDKN2A,HDAC9,HLA-B,RASA2,CREB5,HDAC7,IRF3,CREB3L2,HLA-E,HLA-F,ACTN1,CDC42,SP100,CDKN2B']"
Cell adhesion molecules,-0.4891358567018238,-2.4760688251343983,0.013283796803569725,0.9853865032947892,0.05182320728306214,82,"['CNTNAP1,NECTIN2,HLA-A,ITGB1,ITGA6,CNTN1,NRCAM,PDCD1LG2,CDH3,CLDN11,HLA-C,CDH4,ITGA4,ICAM1,CLDN1,ICAM2,HLA-DPB1,HLA-DOB,NECTIN1,SDC1,CD274,NLGN4Y,HLA-B,HLA-F,VCAN,HLA-E,SDC4,L1CAM,ITGB8,MPZ,CD40']"
Dilated cardiomyopathy,-0.5309444119254656,-2.4683319705375015,0.013574436543849266,0.9866855058504558,0.052311243266541074,62,"['TNF,LAMA2,SLC8A1,ITGB1,ITGA6,ITGA3,ITGB6,ACTG1,ITGA4,LMNA,TGFB2,TPM2,ITGA5,CACNA2D1,LAMA1,CACNB1,ITGB5,ADCY7,TGFB3,ITGA2,TGFB1,ITGA1,DMD,ITGB4,TPM4,ITGB8']"
p53 signaling pathway,-0.5080617626519487,-2.4569976715784034,0.014010359473292766,0.9884212087630523,0.05334064570554836,71,"['SERPINB5,FAS,GADD45A,CCND2,GADD45B,PERP,SERPINE1,THBS1,TP53I3,CDK6,CD82,TP53AIP1,AIFM2,SFN,PMAIP1,CDKN1A,APAF1']"
FoxO signaling pathway,-0.4495057872421953,-2.4482277039663876,0.014356089642802994,0.9896358521623702,0.05395911434723204,118,"['GADD45A,MAPK11,RAG1,MAPK13,HOMER3,SGK1,CCND2,AGAP2,TNFSF10,MAPK10,TGFBR1,IRS2,IL7R,TGFBR2,FOXO1,TGFB2,EGFR,AKT3,S1PR1,IL6,TGFB3,CDKN1A,GADD45B,IRS1,PLK2,PLK3,TGFB1,SMAD3,FBXO32,CDKN2B']"
RIG-I-like receptor signaling pathway,-0.5448629647635611,-2.4442759845009063,0.014514318732641529,0.9901485387215598,0.05395911434723204,51,"['TNF,MAPK11,CXCL8,MAPK13,AZI2,IL12A,MAP3K7,MAPK14,NFKB1,TRAF6,RELA,TRADD,MAPK10,DHX58,TANK,FADD,CHUK,CYLD,IKBKE,CASP10,NFKBIB,NFKBIA,RIPK1,TRIM25,IFNE,IRF3,DDX58,IKBKB']"
Glycosphingolipid biosynthesis,-0.5815114592854832,-2.4257561216145995,0.015276532160312772,0.992285371052819,0.055678961464996624,37,"['B3GALNT1,ST6GALNAC4,B3GNT5,B3GNT2,A4GALT,B4GALT1,ST3GAL5,ST6GALNAC5,ST6GALNAC6,B3GALT5,ST3GAL2,FUT3,ST3GAL6,GBGT1,B3GNT3']"
Chronic myeloid leukemia,-0.497793343113656,-2.4239474165953885,0.015352828324989076,0.9924719666801508,0.055678961464996624,75,"['GADD45A,MAP2K1,BAK1,MECOM,NFKB1,CDK6,PIK3CA,RB1,TGFBR1,CBL,TGFBR2,SOS1,RUNX1,BAD,TGFB2,BCR,BCL2L1,AKT3,TGFB3,CDKN1A,BAX,SHC1,CTBP2,GADD45B,TGFB1,SHC4,SMAD4,SMAD3,CRKL']"
Antigen processing and presentation,-0.5445030819631733,-2.420350969700706,0.015505533572530705,0.9928320279988113,0.055678961464996624,47,"['TNF,TAPBP,HSPA1A,CTSB,TAP1,HLA-B,HLA-C,HLA-DPB1,CTSS,HLA-A,HLA-F,IFI30,HLA-DOB,HLA-E,CD74,TAP2']"
Porphyrin and chlorophyll metabolism,0.6017329142589023,2.4123330000837955,0.015850797046554455,0.9935840843319299,0.0562792344574293,30,"['UGT2B10,UGT2B17,UGT2B15,UGT2B11,UGT2B28']"
Adherens junction,-0.5105094737739319,-2.40523513480126,0.016162063011529337,0.9941944074996395,0.056746799018258555,68,"['IGF1R,WASL,CTNNB1,NECTIN2,MAP3K7,SNAI2,TCF7L1,PTPRB,TCF7L2,VCL,SRC,PARD3,TCF7,TGFBR1,CSNK2A2,ACTG1,TGFBR2,ACTN4,EGFR,FYN,RHOA,ACTB,FER,MET,PTPN1,LMO7,YES1,NECTIN1,IQGAP1,SMAD4,SMAD3,RAC2,ACTN1,CDC42']"
Ras signaling pathway,-0.42662969344928175,-2.381840199223104,0.017226370962525772,0.995876136827462,0.05981904641932027,174,"['PLD1,IGF2,PAK6,VEGFC,GAB1,RAP1B,TGFA,TIAM1,RRAS,NGFR,PDGFC,ETS2,PDGFA,KITLG,HTR7,GNG12,CALML3,VEGFA,RASGRF2,FGF5,MAPK10,CSF1,FLT3LG,PGF,BDNF,RASAL1,EGFR,PDGFB,VEGFB,RIN1,EXOC2,GNB3,BCL2L1,EPHA2,ABL2,NTF4,MET,AKT3,FGFR2,RASAL2,GNG11,SHC1,PLA2G4A,GNG2,FGF1,PLCE1,SHC4,ETS1,RRAS2,FGF2,RAC2,PAK1']"
Cholesterol metabolism,-0.600837809393317,-2.3463307533351014,0.01895927456589641,0.9976389591511797,0.0651209865524268,32,"['NCEH1,PLTP,LDLR,ANGPTL4,PCSK9,ABCA1,LCAT,STAR,TSPO,APOE,CYP27A1,LRP1,LIPA,NPC2,LIPG']"
Bacterial invasion of epithelial cells,-0.5084570405864188,-2.3283991153475645,0.019890920591632444,0.9982513040245808,0.06758635383823497,66,"['ARPC3,WASL,CTNNB1,GAB1,ITGB1,CLTB,RAC1,ARPC2,ILK,ARPC1B,ACTR2,PXN,VCL,SRC,PIK3CA,CAV2,CAV1,ACTG1,FN1,CBL,CLTC,PTK2,RHOA,CRK,ITGA5,ACTB,MET,HCLS1,ACTR3,CDC42,CLTCL1,ARPC4,SHC1,CTTN,SHC4,BCAR1,CRKL,RHOG']"
Neurotrophin signaling pathway,-0.44482586240639904,-2.3137084922021836,0.020683717755952458,0.9986458706084081,0.0695324979880955,108,"['MAPK11,SH2B3,MAP2K1,MAPK13,GAB1,RAP1B,MAPK14,IRAK3,NGFR,NFKB1,TRAF6,CALML3,PIK3CA,ARHGDIA,MAPK10,CALM2,RPS6KA1,SOS1,RPS6KA3,BDNF,BAD,RHOA,NFKBIB,ZNF274,NTF4,IRAK2,AKT3,BAX,SHC1,IRS1,NFKBIE,SHC4,ARHGDIB,GSK3B,CRKL,CDC42']"
Sphingolipid signaling pathway,-0.4428926894834665,-2.2995663169913185,0.021472802210451114,0.9989503686763715,0.07142532103686897,110,"['TNF,ROCK2,PLD1,MAPK11,S1PR3,MAPK13,SPTLC2,S1PR5,GNAQ,CERS5,GNAI2,NFKB1,GNAI1,PLCB3,TRADD,BDKRB2,PIK3CA,MAPK10,TNFRSF1A,PPP2CB,FYN,AKT3,S1PR1,PPP2R3A,BAX,SPHK1,BID,PLCB2,PPP2R2B,CTSD,ROCK1,SGPL1,RAC2,SGMS2,CERS3']"
Steroid hormone biosynthesis,0.5487319382990331,2.2869670327242253,0.022197747423382097,0.9991695250054342,0.07306758526863273,35,"['UGT2B10,UGT2B17,UGT2B15,HSD11B2,UGT2B11,SRD5A3,UGT2B28,STS,CYP7A1,SULT2B1,UGT1A3,UGT2B4,LRTOMT']"
Protein digestion and absorption,-0.5194818821837626,-2.1950225582020026,0.02816197961316913,0.9998798654719443,0.09174418100784994,50,"['COL17A1,PRSS3,COL7A1,COL27A1,COL4A2,COL22A1,COL16A1,COL4A1,COL12A1,SLC8A1,COL4A6,COL8A2,KCNN4,COL5A2,COL8A1']"
Insulin secretion,0.48326934572576075,2.1879863162330992,0.02867059908528269,0.9998981819217343,0.09244805419336051,57,"['GCG,PDX1,PRKACB,ADCY1,ATP1A3,CREB3L4,ABCC8,RYR2,CHRM3,GLP1R,RAB3A,KCNN2,CACNA1D,KCNJ11']"
T cell receptor signaling pathway,-0.4681393216418475,-2.158894651594246,0.03085834090559847,0.9999500684662674,0.09849733056736482,79,"['TNF,PRKCQ,MAPK11,NCK2,PAK6,MAP2K1,MAPK13,MAP3K7,CSF2,MAPK14,CBLB,NFKB1,PIK3CA,MAPK10,CHUK,SOS1,RHOA,FYN,NFKBIB,AKT3,BCL10,DLG1,VAV2,CARD11,NFKBIE,FOS,GSK3B,PAK2,PAK1,CDC42']"
Glutathione metabolism,-0.5172050134332641,-2.1370876897555777,0.03259086002064793,0.9999716326444602,0.10257300743248818,46,"['GPX3,GSTO2,GSTO1,GSTP1,GPX7,GCLM,ANPEP,GGT6,GSTM4,GSTM1,GCLC,GPX2']"
Galactose metabolism,-0.6436866775769228,-2.1347136099357438,0.032784410603421854,0.9999733707496877,0.10257300743248818,23,"['GALM,AKR1B1,HKDC1,UGP2,PFKP,GANC,MGAM,AKR1B10']"
African trypanosomiasis,-0.6586962928781901,-2.0808111640670592,0.037451193894520785,0.9999942244671796,0.11602526735949577,20,"['TNF,FAS,PLCB3,IL1B,APOL1,PLCB2,IL18,GNAQ,IL6,ICAM1']"
Acute myeloid leukemia,-0.500274526377862,-2.0562040903727565,0.039762848186392974,0.9999972984839346,0.12199087404757455,56,"['RUNX1,TCF7L1,PIM1,TCF7,CSF2,DUSP6,AKT3,BCL2A1,CCNA1,PML']"
Mucin type O-glycan biosynthesis,-0.603988918696116,-2.0510951020871784,0.040257686213458044,0.9999977045539279,0.12232143118704561,26,"['GALNT2,ST6GALNAC4,GALNT5,GALNT1,GALNT6,GALNT12,GALNT3,GALNT18,GCNT3,ST6GALNAC2,GALNT4,ST3GAL2,GALNT14,GCNT4,C1GALT1,B3GNT3']"
Oxidative phosphorylation,0.4019930665809029,1.9845539956132707,0.047194115004671966,0.9999997680469093,0.14060978155275478,92,"['ATP6V0E2,NDUFA9,NDUFB4,SDHC,COX17,NDUFS8,ATP6V1E2,NDUFB10,NDUFS4,COX7B,ATP6V0B,NDUFAB1,ATP6V1A,UQCRFS1,NDUFV3,NDUFS3,COX5A,NDUFS5,NDUFS6,NDUFV1,UQCRB,NDUFA13,NDUFA5,NDUFA4,NDUFA3,NDUFA8,NDUFB1,COX6B1,NDUFA4L2,COX6A1,SDHD,COX6C,NDUFS2,NDUFB5,NDUFS7,UQCRQ,NDUFC2,NDUFA7,COX7B2,COX5B,NDUFA1,UQCRH,NDUFC1,ATP6V1F,NDUFB11,NDUFB9,NDUFA2,NDUFB6,COX7C,UQCRC2,CYC1']"
Graft-versus-host disease,-0.7262440798742398,-1.9816182878733481,0.04752197878519193,0.999999791949725,0.14060978155275478,17,"['FAS,TNF,IL1B,HLA-B,HLA-C,HLA-DPB1,HLA-F,HLA-A,HLA-E,IL1A,HLA-DOB,IL6']"
TGF-beta signaling pathway,-0.4595858829592871,-1.980819314907198,0.0476115399561543,0.9999997980409423,0.14060978155275478,75,"['TNF,FMOD,THSD4,ACVR1,CDKN2B,SMURF1,SMURF2,INHBA,FST,TGFBR1,TGFBR2,BMP4,TGFB2,LTBP1,BMP2,NBL1,TGFB3,THBS1,TGFB1,SMAD3,FBN1']"
Linoleic acid metabolism,0.6754834336613714,1.9746564516723584,0.04830714806983316,0.9999998396787344,0.1413431369450674,18,"['CYP2C19,CYP2C9,PLA2G4E,PLA2G5,PLA2G2A,PLA2G6,ALOX15,PLA2G4F']"
Wnt signaling pathway,-0.4110610833904386,-1.9689913691907588,0.04895408219641073,0.9999998706788655,0.14192192636757606,129,"['CTNNB1,RYK,DKK1,MAP3K7,NFATC4,CSNK1E,WNT7A,TCF7L1,PLCB3,CCND2,WNT5A,PRICKLE2,WNT5B,TCF7,MAPK10,CSNK2A2,VANGL2,PRICKLE1,CTNNBIP1,ROR2,PORCN,RNF43,SERPINF1,TLE4,FOSL1,FZD6,PLCB2,LGR4,WNT3,SMAD3,SFRP1,MMP7,RAC2,FZD10']"
Axon guidance,-0.40725948076948565,-1.946752916591739,0.051564364175300526,0.9999999457393667,0.14813035526722695,151,"['NTN1,NCK2,PAK6,PARD6G,SEMA5A,UNC5B,RYK,MYL9,SEMA4F,MYL12B,ITGB1,RRAS,PLXNA2,GNAI2,EPHB4,SEMA4B,GNAI1,NFATC4,SEMA3D,SRGAP1,SEMA3C,WNT5A,PARD3,SRC,ABLIM3,WNT5B,ROBO3,PIK3CA,NTN4,SSH3,SEMA3F,EPHB2,NRP1,FES,SLIT3,SRGAP3,PLXNA3,FYN,SEMA7A,EPHA2,PLXNA1,MET,SEMA3A,SLIT2,LIMK2,SSH1,BOC,EPHA1,ROCK1,TRPC1,EFNB2,ROBO1,RAC2,RHOD,L1CAM,PAK1,PLXNB1,MYL12A,EFNB1']"
Ascorbate and aldarate metabolism,0.6685424237356294,1.9367720406500022,0.05277321507794497,0.9999999637377641,0.1502372609426181,18,"['UGT2B10,UGT2B17,UGT2B15,UGT2B11,UGT2B28']"
Retinol metabolism,0.4815363202897106,1.926785811170297,0.05400632846588005,0.9999999759740248,0.15176290406463844,40,"['UGT2B10,UGT2B17,UGT2B15,CYP2C9,ADH1C,UGT2B11,UGT2B28,CYP2C18']"
Intestinal immune network for IgA production,-0.6337467660139483,-1.924678067002124,0.05426964607374729,0.9999999779973124,0.15176290406463844,20,"['TGFB1,HLA-DPB1,CCL28,HLA-DOB,IL6,ITGA4,CD40']"
Bladder cancer,-0.5039273534731024,-1.9113156289266213,0.055964031786576385,0.9999999875152717,0.1551283688119135,41,"['CXCL8,EGFR,VEGFA,THBS1,HBEGF,SRC,MMP2,TYMP,RB1,MMP1,MMP9,CDKN1A']"
Fc epsilon RI signaling pathway,-0.4865611566782678,-1.90478388769834,0.05680816915378495,0.9999999905895657,0.15609896915300908,55,"['TNF,INPP5D,PLA2G4A,FYN,MAPK13,MAPK10,CSF2,AKT3,RAC2,SYK']"
Apelin signaling pathway,-0.41364914065946956,-1.8863034089107447,0.059254080176123214,0.9999999958575192,0.16141628737633565,110,"['ADCY4,PLAT,ACTA2,SLC8A1,GNAQ,RRAS,GNAI2,GNAI1,CALML3,GNG12,PLCB3,SERPINE1,TGFBR1,ITPR2,JAG1,NOS1,ADCY3,GNB3,AKT3,ADCY7,RYR1,ITPR3,LIPE,GNG11,GNG2,PRKAG2,SPHK1,PLCB2,RRAS2,SMAD3,PRKAB1,EGR1']"
Pentose and glucuronate interconversions,0.5887582956528643,1.879469581654626,0.0601804031690536,0.9999999969656833,0.16253852479846956,22,"['UGT2B10,UGT2B17,UGT2B15,UGT2B11,SORD,UGT2B28,DCXR,UGT1A3,UGT2B4']"
"Parathyroid hormone synthesis, secretion and action",-0.42827100173501437,-1.8668241431433668,0.061926149805529906,0.9999999983138299,0.16583612998769026,88,"['PLD1,ATF6B,CYP24A1,ADCY4,HBEGF,CREB3,GNAQ,GNAI2,GNAI1,PLCB3,MMP14,PTHLH,ITPR2,RUNX2,EGFR,CREB3L1,ADCY3,CYP27B1,ARHGEF1,VDR,ADCY7,ITPR3,CDKN1A,MMP17,CREB5,PLCB2,FOS,GATA3,EGR1']"
Nicotine addiction,0.7367357570115416,1.7919086038776024,0.0731476075342532,0.9999999999623866,0.19286542694750192,14,"['GRIN3A,GRIN1,GABRA3,GRIN2C,GABRG3,GABRB3,GABRA5']"
Gastric cancer,-0.40442251598924805,-1.791331989859767,0.07324003554968428,0.9999999999635535,0.19286542694750192,117,"['GADD45A,CTNNB1,GAB1,BAK1,WNT7A,TCF7L1,WNT5A,FGF5,WNT5B,TCF7,RB1,TGFBR1,TGFBR2,TGFB2,EGFR,MET,AKT3,TGFB3,CDKN1A,FGFR2,BAX,SHC1,FGF1,GADD45B,FZD6,TGFB1,SHC4,WNT3,SMAD3,FGF2,JUP,FZD10,CDKN2B']"
Tyrosine metabolism,0.5577202552928681,1.783669814535746,0.07447733384409227,0.9999999999761048,0.19392858678271735,24,"['DDC,TPO,HPD,AOC3,ADH1C,HGD,ALDH3B2,MAOA,AOC2']"
Metabolism of xenobiotics by cytochrome P450,0.4454195532878086,1.7775597901878983,0.07547618275173873,0.9999999999830128,0.19392858678271735,48,"['UGT2B10,UGT2B17,UGT2B15,AKR7L,GSTT1,CYP2C9,ADH1C,UGT2B11,UGT2B28,ALDH3B2,UGT1A3,EPHX1,UGT2B4']"
RNA transport,0.35904751066227175,1.7775069929243852,0.07548486131099441,0.9999999999830631,0.19392858678271735,154,"['NXF2,EIF4EBP3,NUP210,PABPC5,NXF2B,CYFIP2,EEF1A2']"
Morphine addiction,0.4355064642920558,1.768739510352226,0.07693735548198521,0.9999999999896949,0.19488425600523182,59,"['GNG7,ARRB1,PRKACB,ADCY1,ADORA1,GABRA3,GNG13,PDE10A,GABRG3,GABRB3,PDE3B,GABRA5']"
"Glycine, serine and threonine metabolism",0.5120726515800349,1.7678242404659017,0.07709029114131005,0.9999999999902206,0.19488425600523182,30,"['PHGDH,AOC3,PIPOX,GNMT,GAMT,CHDH,MAOA,DMGDH,AOC2,CBS']"
Pyrimidine metabolism,-0.4751174524932154,-1.7578718296667812,0.07876931999254433,0.9999999999944994,0.19754845331463497,50,"['NME4,NT5E,ENTPD3,DPYD,CDA,UPP1']"
Hepatitis C,-0.3981289942515248,-1.7306546896303092,0.0835133711670819,0.9999999999989239,0.20779704951809358,123,"['TNF,MX1,MAP2K1,CTNNB1,BAK1,OAS3,NFKB1,TRAF6,EIF2AK2,TICAM1,PPARA,JAK1,CLDN11,YWHAQ,TRADD,CDK6,PIK3CA,RB1,CHUK,IKBKE,TNFRSF1A,SOS1,IRF9,APAF1,FAS,OAS1,CLDN1,BAD,LDLR,PPP2CB,EGFR,SOCS3,YWHAH,IFNAR2,OAS2,AKT3,RIPK1,CDKN1A,CASP3,YWHAZ,BAX,TLR3,BID,PPP2R2B,DDX58,GSK3B']"
Platelet activation,-0.4138906912226579,-1.7199949496637599,0.08543335960625287,0.9999999999994453,0.21091360652793678,91,"['MAPK11,MAPK13,ADCY4,RAP1B,MYL12B,GNAQ,ITGB1,GNAI2,GNAI1,PLCB3,PTGS1,F2R,SRC,ITPR2,ACTG1,P2RY1,PRKG2,FYN,VASP,ADCY3,ACTB,ARHGEF1,AKT3,ADCY7,ITPR3,COL1A1,SYK,ITGA2,PLA2G4A,PLCB2,TLN1,ROCK1,MYL12A']"
Neuroactive ligand-receptor interaction,0.3663865284568187,1.7102923461252013,0.08721182642045888,0.9999999999997001,0.21363517169662796,110,"['PTGFR,ADORA1,CHRM3,GHRL,VIPR1,GABRB3,CHRNA7,GRIN1,ADRA2A,ADRA2C,GHR,HTR2C,CHRNA2,GABRG3,GLP1R,GNRH2,PRLR,GABRA5,GCG,GRIN3A,GAL,APLN,NPY1R,AGT,EDN2,ADORA2A,CHRM1,MC2R,P2RX7,NPW,GABRA3,GRIN2C,PTGER3']"
B cell receptor signaling pathway,-0.46144279570102553,-1.7046582062071896,0.0882581888276297,0.9999999999997913,0.21453528976562294,60,"['INPP5D,IFITM1,CARD11,NFKBIE,FOS,AKT3,RAC2,DAPP1,SYK']"
Other types of O-glycan biosynthesis,-0.490844799362774,-1.6786632066638008,0.09321770050697165,0.9999999999999628,0.2248610180168171,38,"['GALNT5,PLOD3,GALNT6,B4GALT1,GALNT12,GALNT3,GALNT18,LFNG,GALNT14,MFNG,EOGT,C1GALT1,GALNT1']"
Non-alcoholic fatty liver disease,-0.3898592265300581,-1.6642732723350777,0.0960578311248157,0.9999999999999862,0.22646975796321733,139,"['TNF,FAS,CXCL8,IRS1,IL1B,TGFB1,SOCS3,MAPK13,LEPR,MAPK10,FOS,NDUFC2-KCTD14,IL1A,IRS2,PPARG,AKT3,IL6']"
Type I diabetes mellitus,-0.5863956336360343,-1.661337928766129,0.09664559649210869,0.9999999999999888,0.22646975796321733,21,"['TNF,FAS,IL1B,HLA-B,HLA-C,HLA-DPB1,HLA-A,HLA-F,HLA-E,IL1A,HLA-DOB']"
Thyroid cancer,-0.49898567835822316,-1.6612752888007893,0.09665817063208126,0.9999999999999888,0.22646975796321733,35,"['BAX,TCF7L1,GADD45A,GADD45B,CTNNB1,TCF7,BAK1,PPARG,PAX8,CDKN1A']"
Phosphatidylinositol signaling system,-0.41792773707671,-1.6608114508941183,0.09675132064884284,0.9999999999999891,0.22646975796321733,85,"['DGKH,CALML3,DGKA,PIP4K2C,PLCB3,INPP5F,PLCD1,PLCD3,SYNJ2,ITPR2,INPP1,PI4K2A,DGKG,ITPR3,INPP5D,PIK3C2G,PLCE1,INPP4B,PLCB2,ITPKC']"
HIF-1 signaling pathway,-0.41825617095867207,-1.643471429458704,0.10028543189980876,0.9999999999999969,0.2330161505907321,84,"['TIMP1,EDN1,EGFR,VEGFA,SERPINE1,HKDC1,PFKP,HIF1A,TLR4,AKT3,SLC2A1,IL6,CDKN1A,IFNGR2']"
Serotonergic synapse,0.394776325163394,1.6294487962499684,0.1032180460499954,0.9999999999999989,0.2380795806700624,75,"['DDC,CYP2C19,GNG7,PRKACB,CYP2C9,PLA2G4E,HTR2C,GNG13,CYP2C18,GABRB3,ALOX15,KCNN2,GNG4,PLA2G4F,HTR3A,CACNA1D']"
Adipocytokine signaling pathway,-0.4558177774175227,-1.5968935102800352,0.11028944666004703,0.9999999999999999,0.25254684887373086,56,"['TNF,PRKCQ,PRKAG2,IRS1,TNFRSF1A,TRADD,SOCS3,MAPK10,LEPR,NFKBIE,IRS2,PRKAB1,AKT3,SLC2A1,ACSL4']"
Ubiquitin mediated proteolysis,-0.3849521241741005,-1.5829341303844746,0.11343647854638483,1.0,0.2562664422926288,131,"['PIAS3,SAE1,HERC4,MID1,DDB2,ITCH,UBE2Q2,BTRC,CBLB,NEDD4,ANAPC10,UBE2L6,TRAF6,UBE2H,DDB1,CBLC,SMURF1,BIRC2,SMURF2,FBXO2,CDC16,UBE2F,CBL,UBA7,PML,TRIP12,FZR1,UBOX5,RHOBTB2,UBA6,SOCS3,NHLRC1,UBE2D3,RHOBTB1,CDC34,SOCS1,UBA2,FANCL,UBE2Z,TRIM32,FBXW7,KLHL13,UBC,RPS27A,BIRC3,CUL7']"
Fc gamma R-mediated phagocytosis,-0.4151064031326104,-1.5824987143876965,0.11353576557268363,1.0,0.2562664422926288,83,"['ASAP2,PLA2G4A,PLD1,ARPC1B,ACTR2,MYO10,ASAP1,VASP,SPHK1,RAC2,PLPP2,SYK,AKT3,GSN,LIMK2,PAK1,ARPC2,INPP5D']"
Taste transduction,0.47941497365618835,1.5732017567179646,0.11567210868953959,1.0,0.25923678259499655,31,"['PRKACB,TAS1R3,PLCB4,GABRA3,TAS1R1,ENTPD2,GNG13,CHRM3,HTR3A,KCNK5,GABRA5']"
Fat digestion and absorption,0.5356966527223801,1.5467345784834448,0.12192726136528087,1.0,0.2713310886720335,22,"['MOGAT2,PLA2G2A,PLPP1,PNLIP,PLA2G5']"
Butanoate metabolism,0.5264250225709902,1.5322388092342936,0.1254635148630039,1.0,0.27724804683013443,23,"['HMGCS2,ALDH5A1,ACADS,ACSM3,ACSM1,BDH1']"
Chemical carcinogenesis,0.33466563458972354,1.5102126736885901,0.13098916581750042,1.0,0.2874484472106259,165,"['UGT2B17,EPHX4,FGF22,CREB3L4,UGT2B11,CHRNA7,CACNA1D,UGT2B10,UGT2B15,NR1I3,PRKACB,ADCY1,BCL6,UGT2B28,CYP2C18,CYP3A43,CYP2C19,GSTT1,AR,CYP2C9,EGF,NAT1,RPS6KA6,PIK3R3,ARRB1,EPHX2,DLL3,E2F1,FGF7,UGT1A3,EPHX1,UGT2B4,GSTM3']"
Peroxisome,0.3814122343424204,1.4955243717521975,0.13477764418913485,1.0,0.2937223142328732,75,"['DECR2,PMVK,MPV17L,IDH1,PEX11G,PEX12,ECI2,PEX10,NUDT19,DDO,CROT,MLYCD,ACSL6,ECH1,CAT,FAR2,SOD1,SLC27A2,HSD17B4,ACSL3,ACOX2,ACSL1,PHYH,EPHX2,HAO2,IDH2,PEX5,AMACR,ABCD1,PIPOX']"
Inositol phosphate metabolism,-0.42795422974852176,-1.4789527515739598,0.13915294313829785,1.0,0.30118034268289123,68,"['PIP4K2C,PLCB3,PLCD1,INPP5F,INPP1,PLCD3,PI4K2A,INPP5D,PIK3C2G,PLCE1,INPP4B,PLCB2,SYNJ2,PLCH2,ITPKC,PIP5KL1']"
GnRH signaling pathway,-0.4096466067791622,-1.4576201351861218,0.14494527651232936,1.0,0.31067012991762744,80,"['PLD1,MAPK11,MAPK13,ADCY4,HBEGF,MMP2,GNAQ,CALML3,PLCB3,MMP14,SRC,MAPK10,ITPR2,EGFR,ADCY3,ADCY7,ITPR3,PLA2G4A,PLCB2,EGR1']"
Phospholipase D signaling pathway,-0.38240684193249463,-1.4555981790251606,0.14550373173357234,1.0,0.31067012991762744,115,"['PLD1,DGKH,CXCL8,ADCY4,GAB1,RRAS,PDGFC,PDGFA,KITLG,DGKA,PLCB3,AGPAT4,F2R,LPAR1,PLPP2,LPAR6,EGFR,FYN,PDGFB,DGKG,ADCY3,LPAR5,AKT3,ADCY7,SYK,SHC1,PLA2G4A,SPHK1,PLCB2,SHC4,RAPGEF4,RRAS2,AGPAT2,RAPGEF3']"
PD-L1 expression and PD-1 checkpoint pathway in cancer,-0.4182570999258082,-1.4384319092767996,0.15031154426754334,1.0,0.3152506077676536,72,"['PRKCQ,MAPK11,MAP2K1,MAPK13,IFNGR1,MAPK14,HIF1A,MAPK1,NFKB1,TRAF6,TICAM1,TLR2,JAK1,EML4,PIK3CA,CHUK,CSNK2A2,MYD88,PPP3R1,EGFR,TICAM2,NFKBIB,TLR4,AKT3,CD274,NFKBIE,FOS,CSNK2A1,IFNGR2']"
Cocaine addiction,0.4490939272339005,1.4375843485697675,0.15055202439530913,1.0,0.3152506077676536,33,"['GRIN3A,DDC,GRIN1,PRKACB,CREB3L4,GRIN2C']"
Melanogenesis,-0.41034284538019217,-1.4338999291175307,0.15160082210822257,1.0,0.3152506077676536,78,"['EDN1,CTNNB1,ADCY4,CREB3,GNAQ,GNAI2,GNAI1,CALML3,KITLG,WNT7A,TCF7L1,PLCB3,WNT5A,WNT5B,TCF7,CREB3L1,ADCY3,ADCY7,FZD6,PLCB2,WNT3,FZD10']"
VEGF signaling pathway,-0.4425677745952232,-1.4337643106226048,0.15163953285026377,1.0,0.3152506077676536,53,"['PLA2G4A,MAPK11,VEGFA,SPHK1,PXN,MAPK13,SRC,AKT3,RAC2,PTGS2,SH2D2A']"
Prolactin signaling pathway,-0.43839489270975485,-1.4223240848195715,0.15493219013270254,1.0,0.319990667202183,57,"['MAPK11,SOCS2,MAP2K1,CISH,MAPK13,MAPK14,TNFRSF11A,NFKB1,CCND2,SRC,MAPK10,PIK3CA,SOCS6,SOS1,IRF1,SOCS3,AKT3,SOCS1,SHC1,SHC4,FOS,GSK3B']"
Biosynthesis of unsaturated fatty acids,-0.531053586788515,-1.4174568299801689,0.15634940740984082,1.0,0.3208208619578552,24,"['SCD5,HACD1,HACD4,HSD17B12,ELOVL4,ACOT4,ACOT7,SCD']"
Proteasome,-0.44719518426929994,-1.391395155476362,0.1641056328717876,1.0,0.33456374185474114,42,"['PSMB8,PSMD9,PSMD1,PSMC1,PSMD11,PSME4,PSMD7,PSMD13,PSMB9,PSMD2,PSMD14,PSMC6,PSME3,PSMD12,ADRM1,PSMB2,PSMB10,PSMA2,PSMB7,PSME1,PSMF1,PSME2']"
Systemic lupus erythematosus,-0.5447500660034751,-1.3858212021717955,0.165801506568803,1.0,0.3358543338188573,21,"['TNF,ACTN4,TRIM21,HLA-DPB1,C3,HLA-DOB,C1S,ACTN1,CD40,C4A']"
Allograft rejection,-0.6585175502453924,-1.382164434971688,0.16692121752246036,1.0,0.33596881998151257,15,"['FAS,TNF,HLA-B,HLA-C,HLA-DPB1,HLA-F,HLA-A,HLA-E,HLA-DOB,CD40']"
Steroid biosynthesis,-0.5721268007634229,-1.3749215639806578,0.16915576310409053,1.0,0.33831152620818106,19,"['CYP24A1,LSS,MSMO1,NSDHL,CYP27B1,CYP51A1,LIPA,FDFT1,SQLE']"
Amphetamine addiction,0.4024321787355172,1.3677280830782195,0.17139720608347897,1.0,0.34063847246779466,45,"['GRIN3A,DDC,GRIN1,PRKACB,CALML6,CREB3L4,GRIN2C,CACNA1D']"
Calcium signaling pathway,-0.3704697453005793,-1.3435222152343482,0.17910293757970686,1.0,0.35158217966044386,147,"['GNA15,ADCY4,VEGFC,SLC8A1,GNAQ,PDGFC,PDGFA,CALML3,HTR7,PLCB3,PLCD1,F2R,VEGFA,PLCD3,EDNRA,BDKRB2,FGF5,ITPR2,P2RX5,HRH1,EGFR,NOS1,PDGFB,VEGFB,PTAFR,ADRA1D,GNAL,ADORA2B,BDKRB1,MET,ADCY7,RYR1,ITPR3,ORAI3,MST1R,FGFR2,MCOLN3,FGF1,PLCE1,SPHK1,PLCB2,ITPKC,FGF2']"
Primary immunodeficiency,-0.5670578476903374,-1.3434419983682022,0.17912889533332743,1.0,0.35158217966044386,19,"['JAK3,TAP1,IL7R,RAG1,TAP2,CD40']"
Cholinergic synapse,0.35923197033731,1.3399653078764473,0.18025662395118713,1.0,0.3516116862257725,80,"['KCNQ1,CHRM1,PIK3R3,GNG7,KCNQ2,PRKACB,ADCY1,PIK3R5,KCNJ12,CREB3L4,KCNQ4,CHRM3,GNG13,CHRNA7,CACNA1D']"
Ether lipid metabolism,0.4340670544782933,1.3259596845898807,0.1848530515840543,1.0,0.3583654251568169,33,"['CHPT1,PLA2G4F,PLA2G4E,PLPP1,PLA2G2A,PLA2G5,PLA2G6,UGT8']"
Cell cycle,-0.37037136691117595,-1.2932077630430563,0.19593921144027293,1.0,0.3750425668999251,120,"['GADD45A,TGFB2,GADD45B,CCND2,TGFB1,YWHAH,CDK6,RB1,CCNA1,SMAD3,SFN,TGFB3,CDKN1A,CDKN2B']"
Prostate cancer,-0.38331819835831876,-1.2928330690241754,0.19606880038748153,1.0,0.3750425668999251,90,"['IL1R2,PLAT,TGFA,PDGFC,PDGFA,TCF7L1,TCF7,RB1,MMP9,FOXO1,EGFR,GSTP1,PDGFB,PLAU,CREB3L1,AKT3,CDKN1A,FGFR2,CREB5,ETV5']"
Nitrogen metabolism,-0.720612959453818,-1.290099734734377,0.19701603197907458,1.0,0.3750425668999251,10,"['CA13,CA9,CA12,CA2,GLUL']"
Basal cell carcinoma,-0.42849584047049427,-1.2841084333429562,0.19910401767018393,1.0,0.3767477220585516,51,"['BAX,WNT7A,GADD45A,TCF7L1,GADD45B,FZD6,CTNNB1,WNT5A,GLI1,BAK1,WNT5B,TCF7,BMP2,WNT3,FZD10,BMP4,CDKN1A']"
Citrate cycle (TCA cycle),0.4441309062272774,1.2163723090946168,0.2238431275313495,1.0,0.4210382636899193,28,"['SUCLG2,DLAT,FH,SDHC,OGDH,OGDHL,CS,PDHB,IDH2,SUCLG1,PCK2,MDH2,IDH1,DLD,SDHD']"
Inflammatory mediator regulation of TRP channels,-0.3908282669690385,-1.2037584945168016,0.22868293623159786,1.0,0.42759649614902323,79,"['PRKCQ,MAPK11,PTGER4,MAPK13,ADCY4,GNAQ,CALML3,PLCB3,IL1B,SRC,BDKRB2,MAPK10,TRPV4,ITPR2,TRPV3,HRH1,ADCY3,BDKRB1,ADCY7,ITPR3,IL1RAP,P2RY2,PLA2G4A,PLCB2']"
Maturity onset diabetes of the young,0.6632502985599746,1.160583263423163,0.24581141494333636,1.0,0.45692004189467234,10,"['PDX1,MNX1,RFX6,BHLHA15,NKX6-1']"
Arachidonic acid metabolism,0.38524409282054045,1.1463149954803549,0.2516648404690136,1.0,0.465064851393031,40,"['TBXAS1,CYP4F8,PLA2G4F,CYP2C19,EPHX2,GGT1,CYP2C9,PLA2G4E,GGT5,ALOX15,PLA2G2A,PLA2G5,PLA2G6']"
cGMP-PKG signaling pathway,-0.3604687402110844,-1.1281507725672744,0.25925624973668215,1.0,0.4763079937022765,116,"['ATF6B,PDE5A,ADCY4,CREB3,MYL9,SLC8A1,GNAQ,GNAI2,GNAI1,CALML3,NFATC4,PLCB3,EDNRA,BDKRB2,IRS2,ITPR2,PRKG2,ADRB2,VASP,CREB3L1,ADRA1D,ADCY3,NPR2,AKT3,ADCY7,ITPR3,IRS1,PDE2A,CREB5,PLCB2,CNGB1,ROCK1']"
Drug metabolism,0.3438446486739142,1.122327311028342,0.2617232980567765,1.0,0.478061053097927,73,"['UGT2B10,UGT2B17,UGT2B15,CYP2C19,GSTT1,CYP2C9,ADH1C,UGT2B11,UGT2B28,ALDH3B2,UGT1A3,MAOA,UGT2B4']"
Notch signaling pathway,-0.4109236567429651,-1.1018664141695447,0.27051975179033283,1.0,0.49128874463071937,51,"['NOTCH4,DLL1,HES1,CTBP2,NUMB,DTX3,MAML2,NOTCH1,TLE4,ADAM17,DTX4,ATXN1,NOTCH2,JAG1,RFNG,MFNG,ATXN1L,LFNG']"
Cardiac muscle contraction,0.3642313747862768,1.0922986318837589,0.2747018615034298,1.0,0.4960330756290504,47,"['COX7B,TNNC1,ATP1A3,UQCRQ,ATP1B1,RYR2,UQCRFS1,COX7B2,CACNA2D2,CACNB2,UQCRH,ATP2A1,CACNG4,TNNT2,COX7C,CACNA1D,CYC1']"
Breast cancer,-0.3578134663407227,-1.0878379787238326,0.27666664007359687,1.0,0.49674237649577624,116,"['GADD45A,CTNNB1,BAK1,WNT7A,TCF7L1,WNT5A,NOTCH1,CDK6,FGF5,TCF7,RB1,WNT5B,JAG1,DLL1,EGFR,AKT3,CDKN1A,FGF1,SHC1,GADD45B,SHC4,WNT3,FOS,FGF2,FZD10,NFKB2']"
Phenylalanine metabolism,0.6164710022791935,1.0831437320589838,0.2787446304417214,1.0,0.4976457809016043,12,"['DDC,HPD,AOC3,ALDH3B2,MAOA,AOC2']"
Fatty acid degradation,0.3781317686786442,1.067706299087048,0.28565301613861394,1.0,0.5055545438741323,39,"['ECHS1,ECI2,ACSL6,GCDH,ACSL1,CPT1C,ACADL,ADH1C,CPT2,ACADS,ECI1,CPT1B,ACSBG1,ACAT1,ACADSB,ACSL3']"
GABAergic synapse,0.3586024562631876,1.0661092666821235,0.28637425111857495,1.0,0.5055545438741323,55,"['GNG7,PRKACB,ADCY1,GABRA3,GNG13,GABRG3,GABRB3,GLS2,CACNA1D,GABRA5']"
mRNA surveillance pathway,0.3196142643008894,1.0609877502670506,0.2886954681850744,1.0,0.5068209330360195,87,"['PABPC5,NXF2B']"
GnRH secretion,0.3651372186181025,1.05706631044699,0.2904813253191134,1.0,0.5071386674079549,44,"['ARRB1,CACNA1H,GPER1,GNRH2,KCNN2,CACNA1D,KCNJ11']"
cAMP signaling pathway,0.29213211868042366,1.0384698369882057,0.2990513709091418,1.0,0.519232050589499,143,"['ADORA1,CREB3L4,ADCY10,CACNA1D,GRIN1,PRKACB,ADCY1,PDE10A,GLP1R,GCG,GRIN3A,CALML6,ATP1A3,NPY1R,EDN2,ADORA2A,PIK3R3,CHRM1,AMH,RYR2,GRIN2C,PTGER3,ABCC4,PDE3B']"
ABC transporters,0.39980561064028036,1.0108238121122972,0.31210076405098164,1.0,0.5389280953011486,31,"['ABCA3,ABCA2,ABCC6,ABCC8,ABCC4,ABCD1']"
Central carbon metabolism in cancer,-0.3993253888090738,-1.0025406783289683,0.31608253024142074,1.0,0.5428373888928748,57,"['SLC2A1,SLC7A5,EGFR,MAP2K1,SLC1A5,HKDC1,PIK3CA,TIGAR,HIF1A,PKM,G6PD,SLC16A3,AKT3,MET,PFKP,FGFR2,LDHA']"
Amyotrophic lateral sclerosis,0.19688323936890492,0.99725143467532,0.31864248054139366,1.0,0.5442758046004346,296,"['NXF2,GRIN1,MAP2K6,DNAH9,TUBA3D,DNAH8,COX7B2,NUP210,RAB39B,GRIN2C,TUBB4A,NXF2B,KIF5C,DNAH10,TUBA3E,PRPH']"
Melanoma,-0.39781091430259286,-0.9935342136302245,0.32044968574059496,1.0,0.5444198962044516,58,"['FGF1,GADD45A,GADD45B,EGFR,PDGFB,FGF5,CDK6,BAK1,RB1,MET,AKT3,FGF2,PDGFC,PDGFA,CDKN1A']"
alpha-Linolenic acid metabolism,0.5296153348548482,0.9822098000472739,0.32599650056134744,1.0,0.5491920309304548,16,"['PLA2G4F,PLA2G5,PLA2G4E,PLA2G2A']"
Salivary secretion,-0.3990499620821324,-0.9785000139236314,0.32782708444773734,1.0,0.5491920309304548,51,"['DMBT1,ADRB2,BST1,PLCB3,NOS1,PLCB2,ADCY4,ADRA1D,ADCY3,CST3,GNAQ,AMY2B,ITPR2,KCNN4,ADCY7,ITPR3,CALML3,PRKG2']"
Synaptic vesicle cycle,0.3483237771735835,0.9771953515503814,0.32847244887929095,1.0,0.5491920309304548,52,"['ATP6V0E2,DNM3,ATP6V1A,UNC13B,SLC6A9,STX3,ATP6V1E2,CPLX1,SLC1A6,SLC18A2,RAB3A,RIMS1,NSF,CPLX3,UNC13C']"
Tight junction,-0.34608067633684303,-0.9595371055785383,0.33728823621973536,1.0,0.5609635928707177,139,"['ARPC3,ROCK2,SYMPK,MYH11,PARD6G,SCRIB,MYH9,MYL9,MYL6,MYL12B,TIAM1,ITGB1,NEDD4,MSN,ARPC2,AMOTL1,CLDN11,ARPC1B,ARHGEF2,ACTR2,PARD3,SRC,MAPK10,ARHGEF18,ACTG1,YBX3,SYNPO,RUNX1,ACTN4,CLDN1,RHOA,PPP2CB,TUBA1C,CD1D,VASP,EZR,MICALL2,ACTB,HCLS1,F11R,TJAP1,ACTR3,TUBA1A,ARPC4,DLG1,AMOTL2,CTTN,PRKAG2,PRKCI,PPP2R2B,BVES,ROCK1,TJP2,PRKAB1,ACTN1,RAP2C,CDC42,MYL12A']"
Cortisol synthesis and secretion,0.35267180731549436,0.9542111447224786,0.3399767744569895,1.0,0.5624746634995219,43,"['PRKACB,ADCY1,CACNA1H,CREB3L4,NR4A1,AGT,CACNA1D']"
Aldosterone synthesis and secretion,0.3287077724197874,0.9490797834817607,0.34258003567121387,1.0,0.5633626055850461,68,"['CREB3L4,PLCB1,CACNA1D,PRKD1,PRKACB,ADCY1,ATP1B1,NR4A1,CAMK1,ATP1A3,CALML6,PLCB4,AGT,MC2R,CACNA1H,CALML4,ITPR1,DAGLA,CAMK1D']"
"Growth hormone synthesis, secretion and action",-0.3528323567995098,-0.9461363222573037,0.3440790597402339,1.0,0.5633626055850461,96,"['JUNB,ATF6B,SOCS2,MAPK11,MAPK13,ADCY4,CREB3,GNAQ,GNAI2,GNAI1,PLCB3,MAPK10,IRS2,ITPR2,CREB3L1,SOCS3,ADCY3,AKT3,ADCY7,ITPR3,SOCS1,SHC1,IRS1,CREB5,PLCB2,SHC4,FOS,BCAR1']"
Autoimmune thyroid disease,-0.589087556633797,-0.9411886564068596,0.34660818882645916,1.0,0.5645782869544386,14,"['FAS,HLA-B,HLA-C,HLA-DPB1,HLA-F,HLA-A,HLA-E,HLA-DOB,CD40']"
"Valine, leucine and isoleucine degradation",0.348604983610475,0.9367569042831516,0.3488836178775778,1.0,0.5653703756375108,44,"['ECHS1,HMGCS2,PCCB,MCEE,MCCC1,ACADS,ALDH6A1,DBT,IVD,ACADSB,ACAT1']"
Gap junction,-0.3800089464668885,-0.9014996687529099,0.36732270986504867,1.0,0.5905637650134745,67,"['ADCY4,GNAQ,TUBB3,GNAI2,PDGFC,GNAI1,GJA1,PDGFA,PLCB3,LPAR1,SRC,ITPR2,PRKG2,EGFR,PDGFB,ADCY3,TUBB6,ADCY7,ITPR3,TUBA1A,PLCB2,TUBB2B']"
Thermogenesis,0.2592789472490509,0.8999104343780728,0.36816791679637495,1.0,0.5905637650134745,184,"['DPF1,COX17,NDUFB10,PPARGC1A,COX7B,BMP8A,ADCY9,NDUFAB1,CPT2,NDUFV3,GCG,ACSL6,UQCRB,NDUFA4,NDUFA8,COX6B1,ACSL1,COX6C,NDUFS5,NDUFA2,UQCRC2,RPS6KA2,CYC1,PRKAA1,ADCY1,COA4,NDUFS3,MLST8,NDUFV1,NDUFAF4,SLC25A20,NDUFA4L2,COX6A1,SDHD,ACSL3,NDUFS2,NDUFA7,COX7B2,COX5B,UQCRH,COX7C,CPT1A,NDUFB4,CREB3L4,PRKACB,COX18,UQCRFS1,COX5A,SMARCD2,FGFR1,NDUFAF3,NDUFAF6,NDUFB5,NDUFS7,UQCRQ,NDUFA1,COA5,NDUFC1,BMP8B,NDUFB6,SDHC,COX14,SMARCD3,ADCY10,ADCY2,NDUFAF1,COX20,CPT1B,KLB,NDUFS6,CPT1C,NDUFA13,NDUFA5,RPS6KB2,TSC2,NDUFA3,RPS6KA6,NDUFB1,COA7,NDUFC2,NDUFB11,NDUFB9,ADCY5']"
Mitophagy,-0.3829396799052237,-0.8894775665609763,0.37374647443315956,1.0,0.5964842723276688,64,"['OPTN,SRC,RAB7B,MAPK10,FUNDC1,BCL2L1,RRAS2,HIF1A,RRAS,CSNK2A2']"
Gastric acid secretion,-0.38967172435122993,-0.8828457592651087,0.37731961302938366,1.0,0.599160792549172,50,"['PLCB3,PLCB2,ADCY4,KCNJ15,CA2,EZR,GNAQ,ACTB,ITPR2,ACTG1,GNAI2,ADCY7,ITPR3,GNAI1,CALML3']"
Pancreatic secretion,0.33217216870686356,0.8780799577335701,0.3799003286873355,1.0,0.60024251932599,56,"['KCNQ1,ATP1A3,ADCY1,RYR2,CHRM3,PLA2G2A,SLC4A4,PNLIP,PLA2G5']"
Glycerophospholipid metabolism,0.2988097788292598,0.8401448469813994,0.40082717755218233,1.0,0.6301561597337793,81,"['CHPT1,PLA1A,PLA2G4F,DGKB,GPD1L,PLA2G4E,CHKA,DGKQ,PNPLA7,PHOSPHO1,PLA2G2A,PLPP1,PLA2G5,PLA2G6']"
Ribosome biogenesis in eukaryotes,0.30573156258751405,0.8364291732452289,0.40291350629301337,1.0,0.6303003365771893,74,"['NXF2,NXF2B']"
Alcoholism,0.2951865288957592,0.8238637688291378,0.4100169690472122,1.0,0.6382530158567441,82,"['GRIN3A,DDC,GRIN1,GNG7,CALML6,PRKACB,CREB3L4,GNG13,GRIN2C,ADORA2A,GNG4']"
Glyoxylate and dicarboxylate metabolism,0.38447439540433664,0.8135841956648568,0.41588319479767977,1.0,0.6403255875887053,27,"['SHMT2,PCCB,CAT,MCEE,HOGA1,PCCA,PGP,CS,HAO2,AFMID,DLD,SHMT1,ACAT1']"
Parkinson disease,0.188890311791995,0.8106699284609395,0.4175552470149331,1.0,0.6403255875887053,196,"['NDUFB4,TUBA3D,PPIF,NDUFB10,TUBA3E,COX7B,DUSP1,MAPK9,NDUFAB1,PRKACB,GPR37,UQCRFS1,NDUFV3,SLC18A2,NDUFS5,DDIT3,CALML6,MAPT,NDUFA5,NDUFA4,CAMK2B,NDUFB1,COX6B1,MAOA,ADORA2A,NDUFA4L2,NDUFS2,TP53,UQCRQ,CALML4,NDUFA7,ITPR1,COX7B2,UQCRH,TUBB4A,KIF5C,NDUFA2,COX7C,SLC25A4,ADCY5,CYC1']"
Prion disease,-0.32746541808116814,-0.8088497356765882,0.41860158405100245,1.0,0.6403255875887053,206,"['TNF,HSPA1A,MAPK13,TUBB3,IL1B,MAPK10,IL1A,CAV2,CAV1,EGR1,FYN,CREB3L1,CYBA,TUBB6,NDUFC2-KCTD14,RYR1,IL6,GRIN3B,TUBA1A,KLC3,CREB5,NCF2,PRNP,RAC2,TUBB2B']"
Thiamine metabolism,0.5629400002880885,0.8073692339281352,0.41945378680652534,1.0,0.6403255875887053,11,"['AK8,AK5,NFS1,AK7,AK4,THTPA,AK1']"
Proximal tubule bicarbonate reclamation,0.5171287989425091,0.7833996216755502,0.4333924782568581,1.0,0.6569792967122084,14,"['AQP1,ATP1A3,ATP1B1,SLC25A10,SLC4A4,GLS2']"
Vascular smooth muscle contraction,-0.3440861402634459,-0.7762309392386305,0.43761264124291754,1.0,0.6569792967122084,92,"['EDN1,PRKCQ,ADCY4,MYH9,MYL9,PPP1R14A,ACTA2,GNAQ,CALML3,CALCRL,PLCB3,EDNRA,ITPR2,ADRA1D,ADORA2B,NPR2,ARHGEF1,ADM,ADCY7,ITPR3,PLA2G4A,PLCB2,ROCK1']"
Renin-angiotensin system,0.541331350222424,0.7714333192999508,0.4404501320110734,1.0,0.6569792967122084,12,"['AGT,KLK2']"
Diabetic cardiomyopathy,-0.33572991834950067,-0.7710784053061749,0.440660459614554,1.0,0.6569792967122084,151,"['SLC2A1,TGFB2,IRS1,TGFB1,MAPK13,NCF2,PLCB2,CYBA,MAPK10,MMP2,SMAD3,AKT3,NDUFC2-KCTD14,MMP9,TGFB3,TGFBR2,RAC2']"
Ubiquinone and other terpenoid-quinone biosynthesis,0.5651010708386758,0.7709134027024204,0.4407582623512285,1.0,0.6569792967122084,10,"['HPD,COQ7,COQ3,COQ5,COQ6']"
Signaling pathways regulating pluripotency of stem cells,-0.33561063905535965,-0.7489290352280483,0.45389997890813283,1.0,0.6733915180045539,115,"['JAK3,MAPK11,CTNNB1,MAPK13,ACVR1,JAK1,WNT7A,WNT5A,HOXA1,INHBA,WNT5B,TCF7,BMP4,LIF,ISL1,AKT3,FGFR2,SOX2,WNT3,SMAD3,FGF2,FZD10']"
Asthma,-0.6089081059624799,-0.7312407911790462,0.46463208859248883,1.0,0.6855228400262731,8,"['TNF,CD40,HLA-DPB1,HLA-DOB']"
Circadian entrainment,0.2978857968641988,0.7283230487193577,0.46641585634698957,1.0,0.6855228400262731,66,"['NOS1AP,GRIN1,GNG7,PRKACB,ADCY1,CALML6,PLCB4,CACNA1H,CALML4,PER3,RYR2,GNG13,GRIN2C,GNG4,ADCY10,CACNA1D']"
Glutamatergic synapse,0.28161459724993276,0.7068914008720628,0.4796339682235935,1.0,0.701686731290072,76,"['GRIN3A,GRIN1,GNG7,PRKACB,ADCY1,PLA2G4E,GNG13,GRIN2C,GNG4,CACNA1D,GLS2']"
Alzheimer disease,-0.3153480628520079,-0.6933258683232698,0.4881050726447431,1.0,0.7107889537130822,298,"['TNF,DKK1,APP,LRP1,GNAQ,TUBB3,FZD10,CALML3,WNT7A,PLCB3,IL1B,WNT5A,WNT5B,MAPK10,ADAM17,RTN4,CAPN1,IL1A,IRS2,CSF1,BACE2,APAF1,FAS,SNCA,NOS1,TUBB6,AKT3,NDUFC2-KCTD14,ITPR3,IL6,TUBA1A,KLC3,IRS1,PLCB2,APOE,WNT3,PTGS2,CAPN2,TUBB2B']"
Retrograde endocannabinoid signaling,0.24616810733525507,0.6788147797637548,0.49725522787273424,1.0,0.7207919816870827,104,"['GNG7,PRKACB,ADCY1,FAAH,GABRA3,DAGLA,GNG13,GABRG3,GABRB3,RIMS1,CACNA1D,GABRA5']"
Ribosome,0.1315597955170788,0.6677311996689331,0.504305190615197,1.0,0.7276732430794622,132,"['MRPL12,RPS27L,UBA52,RPS11,RPL35A,RPL22L1,RPLP1,RPL39,RPS15,RPL7A,MRPS18A,RPL36AL,MRPL11,RPL34,RPL3,RPS25,RPL37A,RPS14,MRPL15,RPL26,RPL5,RPS15A,RPLP0,RPL24,MRPS18C,RPS12,MRPL23,RPL22,MRPL9,RPL6,MRPL24,RPL12,MRPL18,RPS3,MRPS14,RPS24,MRPS5,RPL21,RPS10,MRPS12,RPS18,RPL17,MRPS16,MRPL13,RPS6,RPS5,RPL28,MRPL34,RPL7,RPLP2,MRPS17,MRPS6,RPS8,RPS2,RPS16,MRPS15,RPL14,RPS27A,RPS28,FAU,MRPL4,RPS23,MRPL32,RPL27,RPS3A,RPSA,MRPS11,RPL35,RPS10-NUDT3,RPL10,RPL15,RPL29,RPS26,RPL36A,MRPS2,MRPL27,RPL4,RPS7,RPS27,RPL26L1,RPL23,RPS21,RPL10A,RPS9,RPL18A,RPS4X,RPL36,RPL27A,RSL24D1,MRPL16,MRPL3,RPL10L,RPL13A,RPL37,RPS17,MRPL22,MRPL10,RPL38,MRPL33,MRPS9,RPL3L,MRPS7,MRPL20,MRPS21,RPL31,RPL41,MRPL19,RPL8,MRPL17,MRPL35,RPL11,RPL17-C18ORF32,RPS13,MRPL2,RPS4Y1,RPS20,RPL18,MRPL28,MRPL1,MRPL36,RPL30,MRPL30,MRPL14,RPL32,RPL19,RPS29,RPL23A,MRPL21,RPL13']"
Oocyte meiosis,0.22873149314218325,0.6490758967566558,0.5162893204477805,1.0,0.7383079641251917,111,"['PRKACB,CCNE2,ADCY1,SPDYE1,PPP3CA,SPDYE2,SPDYE5,CALML6,AR,SPDYE16,CAMK2B,SPDYE6,RPS6KA6,CPEB3,CDC25C,CDK1,CALML4,ITPR1,IGF1,RPS6KA2']"
Aldosterone-regulated sodium reabsorption,0.3599693227063058,0.6475909631400703,0.5172495437112199,1.0,0.7383079641251917,26,"['PIK3R3,ATP1A3,HSD11B2,IGF1,NR3C2']"
Cushing syndrome,-0.3280306714581081,-0.6453322261289262,0.518711913173227,1.0,0.7383079641251917,121,"['ATF6B,CTNNB1,ADCY4,CREB3,RAP1B,GNAQ,GNAI2,GNAI1,WNT7A,TCF7L1,PLCB3,WNT5A,CDK6,WNT5B,TCF7,RB1,ITPR2,AHR,NCEH1,LDLR,EGFR,STAR,CREB3L1,ADCY3,ADCY7,ITPR3,CDKN1A,FZD6,CREB5,PLCB2,WNT3,AIPL1,FZD10,CDKN2B']"
Basal transcription factors,0.3042014748105928,0.6391275959659172,0.5227399289410499,1.0,0.7383079641251917,41,"['GTF2E1,CCNH,GTF2H2C,GTF2H2,TAF5,TBPL1,TAF9,GTF2A1,TAF6L']"
Arginine and proline metabolism,0.30722265436479457,0.6381784183941288,0.5233575441900093,1.0,0.7383079641251917,40,"['CARNS1,PYCR1,HOGA1,AMD1,CKB,GAMT,NOS3,ARG1,MAOA,ARG2']"
Spinocerebellar ataxia,0.20002822427563138,0.6344127386479107,0.5258114983159854,1.0,0.738473037634895,118,"['GRIN3A,PIK3R3,KCNC3,GRIN1,PLCB4,ITPR1,PLCB1,GRIN2C,KCND3,ATP2A1,OMA1,SLC25A4']"
Thyroid hormone synthesis,-0.36483344710013177,-0.6234944680926733,0.5329596363739189,1.0,0.7452001995316742,52,"['ATF6B,ADCY4,CREB3,GNAQ,HSPA5,PLCB3,DUOX1,ITPR2,GPX3,DUOX2,CREB3L1,ADCY3,GPX1,ADCY7,ITPR3,GPX2,GPX7,PLCB2,CREB5,PAX8']"
Long-term potentiation,0.2884252911049771,0.6156778629145602,0.538107150532366,1.0,0.7490830817983597,50,"['GRIN1,PRKACB,ADCY1,CALML6,PLCB4,CALML4,ITPR1,PLCB1,PPP3CA,GRIN2C,RPS6KA6,RPS6KA2']"
Cysteine and methionine metabolism,0.3043918974628129,0.6091650375335119,0.5424150520335964,1.0,0.7517682300114757,39,"['MAT1A,PHGDH,SDSL,CTH,AMD1,TST,DNMT3A,DNMT3B,APIP,MTR,ADI1,PSAT1,GOT1,SRM,GSS,CBS']"
Progesterone-mediated oocyte maturation,0.23423222348244724,0.5974134895666179,0.5502313496629612,1.0,0.7589763328454436,89,"['KIF22,MAPK9,PRKACB,ADCY1,SPDYE1,SPDYE2,SPDYE5,CCNB3,SPDYE16,SPDYE6,RPS6KA6,CPEB3,PIK3R3,CDC25C,CDK1,IGF1,PDE3B,RPS6KA2,ADCY5']"
Sphingolipid metabolism,0.2896017504554651,0.592584375348502,0.5534593382474942,1.0,0.7589763328454436,44,"['CERS4,NEU4,DEGS1,PLPP3,SMPD1,CERS6,CERS1,PLPP1,UGT8,SMPD3,DEGS2']"
Regulation of lipolysis in adipocytes,-0.366978451340339,-0.5905509970349989,0.5548213066053718,1.0,0.7589763328454436,40,"['MGLL,PTGS1,IRS1,ADCY4,IRS2,AKT3,GNAI2,ADCY7,PTGS2,GNAI1,LIPE,PRKG2']"
PPAR signaling pathway,-0.36072859298006854,-0.5834528678360122,0.5595884768716846,1.0,0.7621980978079841,55,"['SCD5,FABP5,PLTP,PLIN2,ME3,ANGPTL4,PLIN4,HMGCS1,CYP27A1,MMP1,PPARG,ACSL4,SCD']"
Fatty acid elongation,-0.40729196147508984,-0.5760580165507366,0.5645759676542825,1.0,0.7656910119259797,25,"['HACD1,HACD4,HSD17B12,ELOVL4,ACOT4,ACOT7']"
Synthesis and degradation of ketone bodies,0.5191467142734532,0.5722096389760846,0.5671799581068482,1.0,0.7659353280417267,9,"['HMGCS2,BDH1']"
Vitamin digestion and absorption,0.4184182805989206,0.560161521507849,0.5753692702209947,1.0,0.7718644812468637,17,"['MMACHC,SLC23A1,PNLIP,FOLH1,SLC46A1']"
Renin secretion,-0.35845407682963076,-0.5585692194311219,0.5764557518172779,1.0,0.7718644812468637,45,"['EDN1,PLCB3,CTSB,CLCA2,PTGER4,PLCB2,EDNRA,GNAQ,ITPR2,GNAI2,ITPR3,GNAI1,CALML3,PRKG2']"
Aminoacyl-tRNA biosynthesis,0.34125189867608857,0.5349838469312747,0.5926610270490127,1.0,0.7876726803084503,25,"['EARS2,PARS2,QRSL1,FARSA,SEPSECS,LARS2,HARS2,MTFMT,GATC,MARS2,PSTK,VARS2,WARS2,TARS2']"
Riboflavin metabolism,0.5161140836534756,0.5341364322182076,0.593247145295605,1.0,0.7876726803084503,8,['ENPP3']
Glycerolipid metabolism,-0.3549595543331307,-0.5262741481593863,0.5986977422077948,1.0,0.7915836256805989,51,"['MGLL,MBOAT1,DGKH,AGPAT4,PNPLA3,PNLIPRP3,GPAT2,AKR1B1,ALDH7A1,PLPP2,AGPAT2,LIPG,DGKA,AKR1B10']"
Propanoate metabolism,0.3148233473324703,0.5177868698114353,0.6046069803617518,1.0,0.7918346165666238,30,"['ACSS3,ECHS1,PCCB,ACACB,MCEE,ACACA,PCCA,BCKDHB,ACADS,ALDH6A1,MLYCD,SUCLG1,DBT,HIBCH,SUCLG2,DLD,ACAT1']"
Vasopressin-regulated water reabsorption,-0.36451046798965037,-0.5157077075870775,0.6060585705992103,1.0,0.7918346165666238,37,"['STX4,CREB3,AQP3,ARHGDIA,DYNC2H1,DCTN1,DYNLL1,CREB3L1,DYNC2LI1,ADCY3,DYNC1LI2,DYNC1H1,CREB5,DCTN5,CREB3L2,RAB5A,DYNC1I2,RAB11B,ARHGDIB']"
Taurine and hypotaurine metabolism,0.5100312410823828,0.5152118472516846,0.6064049911681106,1.0,0.7918346165666238,8,"['GGT5,GGT1']"
Vibrio cholerae infection,0.2617712578512342,0.4837899470102327,0.6285349503482005,1.0,0.8132421158934882,43,"['ATP6V0E2,PRKACB']"
RNA degradation,0.17666375105092283,0.4827270705168948,0.6292895394784954,1.0,0.8132421158934882,69,"['DCP2,NUDT16,ENO3,PAN2,PABPC5,DIS3L,PFKM']"
Arginine biosynthesis,0.3816499450275833,0.4782778256866685,0.63245247668735,1.0,0.8132421158934882,18,"['ASS1,NOS3,ARG1,GPT,ARG2,GLS2']"
Vitamin B6 metabolism,0.4495863645502636,0.4773772011981655,0.6330935459170826,1.0,0.8132421158934882,6,['PDXP']
DNA replication,0.28043657958595164,0.46663323755032937,0.6407623027568767,1.0,0.8143768206881905,35,"['RFC2,MCM4,RPA2,POLE3,RPA1,POLD2,DNA2,RNASEH2A,POLE,POLA1,RFC4,MCM7,RNASEH2C,RPA3,SSBP1,RFC5,MCM2,POLE4,PRIM1,FEN1']"
Homologous recombination,0.27635642324936366,0.46290109483397757,0.6434352627138022,1.0,0.8143768206881905,36,"['RAD54L,BARD1,BRCA2,SYCP3,RAD51C,RAD54B,XRCC2,EME1,RPA2']"
Phosphonate and phosphinate metabolism,0.41442587652677276,0.46023519246912864,0.6453474130465431,1.0,0.8143768206881905,5,['']
Terpenoid backbone biosynthesis,0.3412014174563648,0.45918821735473747,0.6460990110623794,1.0,0.8143768206881905,21,['']
Fanconi anemia pathway,0.23537337891753732,0.45812505236638446,0.6468626012428349,1.0,0.8143768206881905,50,"['FANCG,FANCF,FANCC,POLN,RPA2,TOP3A,FANCD2,PMS2,RPA1,BRCA2,UBE2T,ERCC4,ATRIP,RMI2,RAD51C,EME1,FAAP24,FAN1,RMI1,SLX4,EME2,FANCM']"
Pantothenate and CoA biosynthesis,0.37388437657734175,0.4510028941649774,0.6519874630761109,1.0,0.817440714190252,18,['ENPP3']
Histidine metabolism,0.4011367973930855,0.44756116058529727,0.6544699388928283,1.0,0.817440714190252,16,"['ALDH3B2,FTCD,CARNS1']"
Protein processing in endoplasmic reticulum,-0.3131789290788531,-0.4020843194531535,0.687621972440805,1.0,0.8554667058712379,157,"['HSPA1A,ATF6B,EDEM1,HSPA4L,DNAJB11,HERPUD1,ERO1A,SEL1L,BAK1,UBXN6,ERLEC1,PDIA6,EIF2AK2,HSPA5,MBTPS1,HSPA2,RRBP1,SAR1A,EIF2AK4,SEC61A2,FBXO6,SEC31A,MAPK10,DERL1,CAPN1,DAD1,SEC24D,SSR3,FBXO2,UBXN4,DNAJC5,STT3B,RNF185,P4HB,TRAM1,DNAJB1,CALR,UGGT2,SEC13,MOGS,HYOU1,DNAJC3,UGGT1,UBE2D3,HSPBP1,NFE2L2,DNAJC10,CANX,SEC61G,DDOST,HSP90B1,BAX,LMAN1,TXNDC5,CUL1,SEC24B,ATF6,TUSC3,PDIA3,EDEM2,NSFL1C,AMFR,PDIA4,HSP90AB1,PPP1R15A,ATF4,UBXN2A,SEC23A,BCAP31,CKAP4,CAPN2']"
N-Glycan biosynthesis,0.1632780096145418,0.3981210671669798,0.6905409458656684,1.0,0.8557291721315734,46,"['MAN1C1,MGAT4C,B4GALT3,ALG10,MAN2A2,ALG10B,DOLK,SRD5A3,DOLPP1,ALG6,ALG8,MGAT4A']"
Type II diabetes mellitus,-0.35314859180088626,-0.38989712980650143,0.6966126163706328,1.0,0.8598811983324999,34,"['TNF,IRS1,SOCS3,HKDC1,MAPK10,IRS2,SOCS1']"
Base excision repair,0.2529454708647277,0.3732324550968423,0.7089754428759858,1.0,0.8657316339750345,33,"['TDG,NEIL2,POLD2,NEIL1,MUTYH,POLE4,NTHL1,FEN1,PARP1']"
Other glycan degradation,0.37629435773997605,0.3729506298799079,0.7091851888342051,1.0,0.8657316339750345,16,['']
Lysosome,-0.31014093822880945,-0.3724320687669766,0.7095711810111833,1.0,0.8657316339750345,119,"['CTSZ,CTSC,GM2A,PLA2G15,PPT2,CLTB,ARSA,AP3S1,AP4S1,SUMF1,LAPTM5,CTSH,IDS,FUCA2,CLTC,GALC,LAPTM4B,CTSV,AP1B1,CTSB,AP3B1,AP4E1,AP1S3,LAMP1,LIPA,M6PR,CLTCL1,CTSA,CD63,FUCA1,ACP5,GLB1,CD68,CTSS,CTSD,LITAF,MFSD8,NPC2,TCIRG1,LAMP3']"
Glioma,-0.33219168421348705,-0.35867521439800615,0.7198380723289259,1.0,0.8743954268645696,67,"['SHC1,GADD45A,GADD45B,EGFR,PDGFB,CDK6,SHC4,BAK1,RB1,TGFA,PDGFA,AKT3,CALML3,CDKN1A']"
Carbohydrate digestion and absorption,-0.3641864743547316,-0.3538775908062318,0.7234306217039241,1.0,0.8743954268645696,28,"['PLCB3,PLCB2,HKDC1,AMY2B,AKT3,MGAM']"
Tryptophan metabolism,0.25349090033661353,0.35181977991893343,0.7249734235396115,1.0,0.8743954268645696,31,"['DDC,AADAT,MAOA,AFMID,CYP1A2,ACAT1']"
Adrenergic signaling in cardiomyocytes,-0.30866911633466965,-0.3437899524038851,0.7310042570048212,1.0,0.8763279326771478,104,"['ATF6B,MAPK11,MAPK13,ADCY4,SLC8A1,GNAQ,GNAI2,GNAI1,CALML3,PLCB3,CREB3L1,TPM2,CACNA2D1,ADRA1D,CACNB1,AKT3,ADCY7,SCN4B,CREB5,PLCB2,PPP2R2B,RAPGEF4,TPM4,RAPGEF3']"
Mannose type O-glycan biosynthesis,0.3376440163448732,0.3423040734934132,0.7321220703378704,1.0,0.8763279326771478,18,"['B4GALT3,CHST10,POMK,POMT1,B3GAT1,POMGNT2']"
Primary bile acid biosynthesis,0.4084739379839367,0.33565678017358375,0.737129701118459,1.0,0.8789923983148417,12,"['ACOX2,CYP46A1,HSD3B7,SLC27A5,CYP7A1,CYP39A1']"
Mineral absorption,-0.34128693502350405,-0.32150085885202767,0.7478308615104623,1.0,0.8881557536280358,37,"['HEPHL1,CYBRD1,SLC8A1,MT2A,MT1E']"
Choline metabolism in cancer,-0.31198116727637804,-0.31646820774490675,0.751647152621028,1.0,0.8881557536280358,88,"['PLA2G4A,PLD1,SLC44A5,DGKH,DGKA,PDGFB,EGFR,PCYT1B,PLPP2,FOS,MAPK10,HIF1A,AKT3,RAC2,PDGFC,GPCPD1,PDGFA']"
Folate biosynthesis,-0.3953113900681591,-0.31436212503807043,0.7532460188997265,1.0,0.8881557536280358,19,"['AKR1B10,AKR1B1']"
Pentose phosphate pathway,0.2775169656672172,0.30693647889300824,0.7588917222166223,1.0,0.8904720678191157,23,"['GPI,PRPS1,IDNK,FBP2']"
Ovarian steroidogenesis,-0.3413350123436405,-0.3043695191406415,0.7608463870606368,1.0,0.8904720678191157,35,"['PLA2G4A,LDLR,CYP1B1,STAR,ADCY4,PTGS2,ADCY7,ACOT4,CYP1A1,HSD17B2']"
Fatty acid biosynthesis,0.35852793984113057,0.2991711204348937,0.76480948329819,1.0,0.8918073679787012,15,"['ACSL6,ACSL1,OXSM,ACACB,ACSBG1,ACACA,ACSL3']"
RNA polymerase,0.20323716646349171,0.28405835356427966,0.7763656618960075,1.0,0.9019542248497734,29,"['POLR1D,POLR2J3,POLR3A,POLR1E,POLR3B,POLR1C,POLR3K,POLR2I,POLR2F,POLR2L,POLR3G,POLR3E,POLR2G,POLR2B,POLR3D,POLR3GL,POLR1A,POLR3F,POLR2D,POLR2H,POLR2C,POLR2K,POLR3H,POLR2J2,POLR2A,POLR2J,POLR1B,POLR2E']"
Long-term depression,-0.3279447340277066,-0.27042150229329787,0.7868359996770651,1.0,0.9107698750840753,44,"['PLCB3,PLA2G4A,NOS1,PLCB2,GNAQ,ITPR2,GNAI2,RYR1,ITPR3,GNAI1,PRKG2']"
Oxytocin signaling pathway,-0.30272221950456657,-0.262116861557239,0.7932313474926245,1.0,0.9117439841635885,114,"['ADCY4,MYL9,GNAQ,GNAI2,GNAI1,CALML3,NFATC4,PLCB3,SRC,ITPR2,ACTG1,KCNJ5,EGFR,CACNA2D1,ADCY3,NPR2,CACNB1,ACTB,ADCY7,RYR1,ITPR3,CDKN1A,PLA2G4A,PRKAG2,PLCB2,FOS,ROCK1,PRKAB1,PTGS2']"
Insulin resistance,-0.3025663230127031,-0.2589691239466177,0.795659063529738,1.0,0.9117439841635885,97,"['TNF,PRKCQ,CREB3,PYGL,SLC27A1,NFKB1,TRIB3,PIK3CA,MAPK10,IRS2,TNFRSF1A,RPS6KA1,RPS6KA3,FOXO1,PYGB,CREB3L1,SOCS3,AKT3,PTPN1,GYS1,IL6,SLC2A1,PPP1R3C,PRKAG2,IRS1,CREB5,CREB3L2,PRKAB1']"
Glycosylphosphatidylinositol (GPI)-anchor biosynthesis,0.20025262949702707,0.2580953071697397,0.7963333532568051,1.0,0.9117439841635885,26,"['PIGO,PIGM,PIGK,PIGS,PIGH,PIGU,PIGV,PIGX,PIGP,PIGW,GPLD1']"
Sulfur metabolism,0.39835268136309326,0.24033999764553388,0.8100666898900555,1.0,0.924119400741002,8,['']
Glycosaminoglycan degradation,0.29795699277013654,0.2216214341674921,0.8246085953384421,1.0,0.9373248781544882,16,"['SGSH,IDUA,HYAL3,GUSB,HYAL1,NAGLU']"
Starch and sucrose metabolism,-0.3551528837850735,-0.20691923658312383,0.8360729330012511,1.0,0.9445263362432111,23,"['PGM2L1,HKDC1,UGP2,PYGL,AMY2B,GANC,MGAM']"
Sulfur relay system,0.3746699228300297,0.2027418295260693,0.839336826834163,1.0,0.9445263362432111,8,"['CTU1,TST,NFS1']"
Insulin signaling pathway,-0.29831524312136054,-0.20200722296228618,0.8399110774820959,1.0,0.9445263362432111,121,"['SOCS2,MAP2K1,HKDC1,PYGL,CBLB,CALML3,TRIP10,PIK3CA,MAPK10,IRS2,FLOT2,CALM2,CBL,SOS1,FOXO1,RHOQ,BAD,PYGB,SOCS3,AKT3,PTPN1,GYS1,SOCS1,LIPE,SHC1,PPP1R3C,PRKAG2,IRS1,SHC4,PRKAB1,CRKL']"
Longevity regulating pathway,-0.3004873773525656,-0.18905335813095467,0.850050997008116,1.0,0.9525394150871088,91,"['BAX,FOXO1,HSPA1A,ATF6B,PRKAG2,FOXA2,IRS1,CREB3L1,ADCY4,CREB5,CREB3,ADCY3,IRS2,PRKAB1,AKT3,ADCY7,PPARG']"
Non-small cell lung cancer,-0.3127390572887997,-0.14647441922160812,0.8835468826077972,1.0,0.9865753176822046,66,"['GADD45A,JAK3,EGFR,GADD45B,CDK6,BAK1,RB1,TGFA,MET,AKT3,CDKN1A']"
Circadian rhythm,-0.3290030003750805,-0.12943839417457642,0.8970107690413547,1.0,0.9953412023875411,28,"['PRKAG2,CLOCK,PRKAB2,PER1,FBXL3,BTRC,NPAS2,BHLHE40,PRKAB1,BHLHE41,ARNTL,CSNK1E']"
beta-Alanine metabolism,-0.3329182135507567,-0.12857118191415035,0.8976969705077507,1.0,0.9953412023875411,26,"['SMOX,ALDH3A1,ALDH7A1,DPYD']"
Fructose and mannose metabolism,-0.32301377497895034,-0.0912475603201392,0.9272958848775623,1.0,1.0,27,"['PFKP,HKDC1,AKR1B10,AKR1B1']"
Autophagy,-0.28961699145791586,-0.09020011112369175,0.9281281960245389,1.0,1.0,131,"['PRKCQ,IGF1R,MAP2K1,SUPT20H,MAP3K7,HIF1A,RRAS,TRAF6,RAB1A,ATG7,RAB7B,PIK3CA,MAPK10,DDIT4,TANK,IRS2,BAD,CTSB,PPP2CB,BCL2L1,LAMP1,VAMP8,AKT3,SH3GLB1,IRS1,NRBF2,PIK3C3,RRAS2,CTSD']"
Phototransduction,-0.37355547659982175,-0.07708553203536943,0.9385555025145766,1.0,1.0,16,"['CALML3,GUCY2D,CNGB1']"
Ferroptosis,-0.30973706661674216,-0.07652859862835912,0.9389985622695893,1.0,1.0,35,"['SLC3A2,SAT1,GCLM,FTL,PRNP,MAP1LC3B,MAP1LC3A,ACSL4,GCLC']"
Nicotinate and nicotinamide metabolism,-0.31419292821344114,-0.05766858294066587,0.9540126192138407,1.0,1.0,30,"['BST1,NT5E,QPRT,NT5C1B,AOX1']"
Dopaminergic synapse,-0.285647504169512,-0.042609559699477974,0.9660127748745497,1.0,1.0,98,"['ATF6B,MAPK11,MAPK13,CREB3,GNAQ,GNAI2,GSK3A,GNAI1,CALML3,GNG12,PLCB3,MAPK10,ITPR2,KCNJ5,CALM2,PPP2CB,CREB3L1,GNAL,GNB3,AKT3,PPP2R3A,ITPR3,GNG11,GNG2,KCNJ6,CREB5,PLCB2,PPP2R2B,CREB3L2,FOS,GNB5,ARNTL']"
Hedgehog signaling pathway,-0.3001134128193588,-0.04254314280137616,0.9660657198824405,1.0,1.0,44,"['GPR161,CCND2,MEGF8,BOC,SMURF1,SMO,SMURF2,GLI1,CSNK1G1,KIF7,BTRC,GSK3B,CSNK1E,EVC2']"
AMPK signaling pathway,-0.285096195982126,-0.029463141975830578,0.9764952146134909,1.0,1.0,105,"['SCD5,IGF1R,CREB3,MAP3K7,PIK3CA,CAB39,PFKFB3,IRS2,PPARG,CCNA1,FOXO1,PPP2CB,CREB3L1,HMGCR,AKT3,PPP2R3A,GYS1,LIPE,PRKAG2,IRS1,CREB5,PPP2R2B,LEPR,CREB3L2,PFKP,PRKAB1,SCD']"
Endocrine and other factor-regulated calcium reabsorption,-0.3000459346510091,-0.015181793331414149,0.9878871468062458,1.0,1.0,35,"['PLCB3,PLCB2,BDKRB2,SLC8A1,GNAQ,VDR,CALB1,CLTB,CLTCL1']"
One carbon pool by folate,-0.21912652098472143,0.0,1.0,1.0,1.0,19,"['ALDH1L2,MTHFD1L,ALDH1L1']"
Mismatch repair,-0.25404454071618976,0.0,1.0,1.0,1.0,22,"['RFC2,MSH6,RPA2,RFC1,MSH3,EXO1,POLD3,RFC3,PMS2,RPA1,POLD2,POLD4,MLH3,RFC4,MSH2,RPA3,SSBP1,PCNA,RFC5,MLH1,LIG1,POLD1']"
Olfactory transduction,-0.29713033632709296,0.0,1.0,1.0,1.0,31,"['PDE2A,OR2A7,GNAL,ADCY3,CNGB1,SLC8A1,CALML3,GUCY2D,PRKG2']"
Nucleotide excision repair,-0.16642908688774877,0.0,1.0,1.0,1.0,46,"['ERCC6,DDB1,GTF2H4,CETN2,MNAT1,BIVM-ERCC5,ERCC5,POLD4,ERCC1,LIG1,ERCC2']"
Amino sugar and nucleotide sugar metabolism,-0.22570616222657022,0.0,1.0,1.0,1.0,42,"['CYB5R1,NAGK,PGM3,PMM2,CYB5R3,HKDC1,UGP2,UXS1,CYB5R4,CYB5R2,HEXA,PGM1,GMDS,HK1,GNE,PMM1']"
mTOR signaling pathway,-0.2287011638322506,0.0,1.0,1.0,1.0,136,"['TNF,SGK1,WNT7A,SLC7A5,IRS1,WNT5A,SLC3A2,WNT5B,WNT3,DDIT4,CAB39,RNF152,AKT3,FZD10']"
Lysine degradation,-0.2858494698830002,0.0,1.0,1.0,1.0,57,"['TMLHE,MECOM,ALDH7A1']"
Endometrial cancer,-0.2692490755693386,0.0,1.0,1.0,1.0,57,"['GADD45A,MAP2K1,CTNNB1,DDB2,BAK1,MAPK1,ILK,TCF7L1,SOS2,TCF7L2,PIK3CA,TCF7,SOS1,BAD,EGFR,AKT3,AXIN1,CDKN1A,BAX,GADD45B,GSK3B']"
Various types of N-glycan biosynthesis,-0.20904606704565637,0.0,1.0,1.0,1.0,36,"['CHST9,B4GALT1,TUSC3,ST3GAL3,FUT8,ALG9,MGAT1,DAD1,HEXA,HEXB,B4GALT2,MAN2A1,MGAT2,STT3B,STT3A,ALG11,B4GALNT3,DDOST']"
Selenocompound metabolism,-0.21725490544630605,0.0,1.0,1.0,1.0,15,['PAPSS2']
SNARE interactions in vesicular transport,-0.19396359545048464,0.0,1.0,1.0,1.0,31,"['STX16,STX1A,STX4,GOSR2,VAMP3,STX6,SNAP23,VAMP8,YKT6,VAMP5,BET1,STX7']"
Huntington disease,-0.18686799836244186,0.0,1.0,1.0,1.0,247,"['GNAQ,TUBB3,PLCB3,MAPK10,TGM2,PPARG,DNALI1,GPX3,BDNF,CREB3L1,TUBB6,NDUFC2-KCTD14,TUBA1A,KLC3,GPX2,GPX7,DNAH11,CREB5,PLCB2,TUBB2B']"
Collecting duct acid secretion,-0.312960014989139,0.0,1.0,1.0,1.0,19,['CA2']
Spliceosome,-0.15926279732192355,0.0,1.0,1.0,1.0,131,"['HSPA1A,SNRPD2,DHX16,PCBP1,RBM22,NCBP1,SRSF1,U2AF1L5,DHX38,RBM17,LSM2,SYF2,PHF5A,SNRPA,DDX5,HSPA2,HNRNPA1,LSM6,ISY1-RAB43,THOC1,SNRNP70,SRSF2,NCBP2,FUS,CTNNBL1,PRPF31,SNRPC,PLRG1,HNRNPC,SART1,HNRNPA1L2,SRSF7,PRPF4,PRPF40A,DDX39B,USP39,SF3B4,RP9,TRA2B,SNRPB2,SNRPG,SNRPB,U2SURP,SRSF5,SNRNP27,BUD31,RBM25,TCERG1,SNRPD1,PRPF18,EFTUD2,SRSF4,PPIL1,DHX8,ACIN1']"
Glycolysis / Gluconeogenesis,-0.2928112656615602,0.0,1.0,1.0,1.0,48,"['ADH6,GALM,ADH1A,HKDC1,ALDH7A1,BPGM,ALDH3A1,PKM,PFKP,ADH5']"
Protein export,-0.24851069591119493,0.0,1.0,1.0,1.0,23,"['SEC62,SPCS2,SRP68,SRP9,OXA1L,SPCS3,SRP14,SRPRA,SEC61A1,HSPA5,SPCS1,SRP72,SEC61A2,IMMP2L,SRP19,SEC63,SEC61B,SEC11C,SEC61G,SEC11A,SRPRB,IMMP1L,SRP54']"
Purine metabolism,-0.23743390853810795,0.0,1.0,1.0,1.0,104,"['PDE5A,NME4,AMPD3,NT5E,ENTPD3,NPR2,PAPSS2,XDH,ADCY7,GUCY2D']"
Thyroid hormone signaling pathway,-0.22177115257957059,0.0,1.0,1.0,1.0,102,"['NOTCH4,MAP2K1,CTNNB1,NOTCH2,MED14,HIF1A,PLCD4,SLC16A2,ITGAV,PLCD1,PLCB3,MED4,PLCD3,SRC,NOTCH1,PIK3CA,ACTG1,BMP4,FOXO1,BAD,ATP2A2,ACTB,AKT3,SLC2A1,PLCE1,PLCB2,MED30,PFKP,GSK3B,NCOA3']"
Pyruvate metabolism,-0.260997241108853,0.0,1.0,1.0,1.0,37,"['ADH6,ME3,ADH1A,ALDH7A1,ACAT2,PKM,ADH5,ME2,LDHA']"
Glucagon signaling pathway,-0.2524346131279318,0.0,1.0,1.0,1.0,84,"['CREB3,PYGL,GNAQ,CALML3,SIK1,PLCB3,PKM,ITPR2,FOXO1,PYGB,CREB3L1,AKT3,SLC2A1,ITPR3,PRKAG2,CREB5,PLCB2,PFKP,PRKAB1']"
Pathways of neurodegeneration,-0.28421590506464905,0.0,1.0,1.0,1.0,380,"['TNF,NEFH,MAPK13,DKK1,APP,GNAQ,TUBB3,FZD10,CALML3,UBE2L6,WNT7A,PLCB3,IL1B,WNT5A,OPTN,WNT5B,MAPK10,IL1A,CAPN1,DNALI1,UBA7,CSF1,GPX3,SNCA,FAS,BDNF,NOS1,TUBB6,UCHL1,NDUFC2-KCTD14,RYR1,ITPR3,IL6,TUBA1A,KLC3,GPX2,GPX7,DNAH11,PLCB2,PRNP,PTGS2,CAPN2,TUBB2B']"
Non-homologous end-joining,-0.2941693722943944,0.0,1.0,1.0,1.0,11,"['XRCC4,RAD50,POLL,NHEJ1,DCLRE1C,PRKDC,XRCC5,LIG4,XRCC6,FEN1,POLM']"
